{
  "total_syndromes": 56,
  "summary": [
    {
      "index": 1,
      "name": "氣虛證",
      "clinical_manifestations": "神疲乏力，呼吸氣短，語聲低微，少氣懶言，納谷少馨，或見面色晄白，頭暈目眩，心悸自汗，舌淡，脈虛細無力等症。",
      "related_diseases": [],
      "differential_syndromes": [],
      "has_literature": true,
      "content_length": 3102
    },
    {
      "index": 2,
      "name": "氣陷證",
      "clinical_manifestations": "氣短乏力，神疲懶言，脘腹脹墜，久洩脫肛，陰挺，帶下，舌質淡胖，脈細緩無力等症。",
      "related_diseases": [],
      "differential_syndromes": [
        "“氣脫證”",
        "“清陽不升證”",
        "“氣虛證”",
        "“腎氣不固證”等"
      ],
      "has_literature": true,
      "content_length": 2595
    },
    {
      "index": 3,
      "name": "氣脫證",
      "clinical_manifestations": "突然大汗淋漓，精神萎靡，目合口張，面色蒼白，氣短不續，二便自遺，舌淡胖，脈細微，或芤大等症狀。",
      "related_diseases": [],
      "differential_syndromes": [
        "“亡陰證”",
        "“亡陽證”",
        "“氣厥證”"
      ],
      "has_literature": true,
      "content_length": 2265
    },
    {
      "index": 4,
      "name": "氣滯證",
      "clinical_manifestations": "局部的脹、悶、痞、痛。其脹悶、疼痛時輕時重，部位多不固定，常見攻痛或竄痛；痞脹時沒時現，時聚時散；脹悶而滿，可隨噯氣或矢氣而減輕；且與精神因素有關；苔薄，脈弦等。",
      "related_diseases": [],
      "differential_syndromes": [
        "“氣逆證”",
        "“氣滯血瘀證”",
        "“氣滯下痢證”",
        "“痰氣互結證”"
      ],
      "has_literature": true,
      "content_length": 3454
    },
    {
      "index": 5,
      "name": "氣逆證",
      "clinical_manifestations": "咳嗽上氣，氣促喘息，或呃逆連聲，噯氣不除，噁心嘔吐，翻胃吐血，或頭痛、眩暈，舌苔薄膩或黃膩，質紅，脈滑數或弦數等症。",
      "related_diseases": [],
      "differential_syndromes": [
        "“水逆證”",
        "“病後虛贏氣逆證”",
        "“氣滯證”",
        "“氣閉證”等"
      ],
      "has_literature": true,
      "content_length": 4423
    },
    {
      "index": 6,
      "name": "氣閉證",
      "clinical_manifestations": null,
      "related_diseases": [],
      "differential_syndromes": [
        "“氣逆證”",
        "“熱入心包證”",
        "“熱結胃腸證”",
        "“痰火上蒙證”"
      ],
      "has_literature": true,
      "content_length": 2492
    },
    {
      "index": 7,
      "name": "血虛證",
      "clinical_manifestations": "面白無華或萎黃，唇色淡，頭暈目眩，心悸，失眠，手足發麻，女子月經量少，衍期，甚則經閉，舌質淡，脈沉細無力等症。",
      "related_diseases": [
        "“心悸”",
        "“虛勞”",
        "“眩暈”",
        "“頭痛”",
        "“痙證”",
        "“血證”",
        "“便秘”",
        "“發熱”",
        "“月經不調”",
        "“閉經”",
        "“不孕”"
      ],
      "differential_syndromes": [
        "“陰虛證”",
        "“血脫證”"
      ],
      "has_literature": true,
      "content_length": 2545
    },
    {
      "index": 8,
      "name": "血脫證",
      "clinical_manifestations": "面白，天然不澤，頭暈眼花，心悸怔忡，氣微而短，肢冷汗出，舌淡白，脈空虛或芤，或微細欲絕。",
      "related_diseases": [],
      "differential_syndromes": [
        "“血虛證”"
      ],
      "has_literature": true,
      "content_length": 1181
    },
    {
      "index": 9,
      "name": "血瘀證",
      "clinical_manifestations": "血瘀證，由於瘀阻部位不同，可產生不同的症狀。如瘀阻於心，可見胸悶心痛，口唇青紫；瘀阻於肺，可見胸痛咳血；瘀阻腸胃，可見嘔血，便血，脘腹疼痛；瘀阻於肝，可見脅痛痞塊；瘀熱乘心，可致發狂；瘀阻於胞宮，可見少腹疼痛，月經不調，痛經，經閉，經色紫黑有塊，或見崩漏；瘀阻於肢體局部，可見局部腫痛或青紫等。瘀血病證雖然繁多，但其臨床表現有共同特徵，如刺痛，癥積包塊，出血發斑，面色黧黑，青筋顯露，蟹爪縷紋，唇舌青紫，脈細澀或結代，女子痛經，經色紫黑有塊。",
      "related_diseases": [
        "“發熱”",
        "“胃脘痛”",
        "“腹痛”",
        "“噎膈”",
        "“脅痛”",
        "“黃疸”",
        "“臌脹”",
        "“腰痛”",
        "“心悸怔忡”",
        "“胸痛”",
        "“頭痛”",
        "“中風”",
        "“癲狂”",
        "“痙病”",
        "“痛經”",
        "“經閉”"
      ],
      "differential_syndromes": [
        "“血熱血瘀證”",
        "“血寒血瘀證”",
        "“氣滯血瘀證”",
        "“氣虛血瘀證”"
      ],
      "has_literature": true,
      "content_length": 3293
    },
    {
      "index": 10,
      "name": "血熱證",
      "clinical_manifestations": "心煩，或躁擾發狂，口渴不喜飲，身熱夜甚，及發斑吐衄，尿血便血，女子月經過多或崩漏，舌質紅絳，脈細數等。",
      "related_diseases": [
        "“溫熱病”",
        "“血證”",
        "“月經先期”",
        "“崩漏”",
        "“疔瘡走黃”",
        "“瘡瘍”"
      ],
      "differential_syndromes": [
        "“血燥證”",
        "“血熱血瘀證”"
      ],
      "has_literature": true,
      "content_length": 2674
    },
    {
      "index": 11,
      "name": "血燥證",
      "clinical_manifestations": "；口燥咽乾，皮膚乾澀粗糙(肌膚甲錯)，毛髮乾枯不榮，肌肉消瘦，大便秘結，小便短少，或皮膚瘙癢、鱗屑，舌紅苔乾，脈弦細數等。",
      "related_diseases": [
        "“虛勞”",
        "“噎膈”",
        "“積聚”",
        "“便秘”",
        "“閉經”",
        "“濕疹”",
        "“白疕”"
      ],
      "differential_syndromes": [
        "“陰虛證”",
        "“血虛證”",
        "“血熱證”"
      ],
      "has_literature": true,
      "content_length": 2111
    },
    {
      "index": 12,
      "name": "血寒證",
      "clinical_manifestations": "肢體麻木，皮膚不澤，手足清冷，惡寒，心腹冷痛，得熱痛減，月經錯後，痛經，脈細而緩等。",
      "related_diseases": [
        "“凍傷”",
        "“中寒”",
        "“脫疽”",
        "“腹痛”及婦女“月經不調”"
      ],
      "differential_syndromes": [
        "“血瘀證”"
      ],
      "has_literature": true,
      "content_length": 1237
    },
    {
      "index": 13,
      "name": "精脫證",
      "clinical_manifestations": "男子滑洩，陽痿，精少不育，女子經閉不孕，性欲冷淡，性機能低下；成人早衰，發脫齒搖，耳鳴耳聾，頭暈目眩，腰膝痠軟，智力減退，健忘恍惚，動作遲緩，足痿無力，精神呆鈍等。",
      "related_diseases": [],
      "differential_syndromes": [
        "“腎陰虛證”",
        "“腎氣不固證”等"
      ],
      "has_literature": true,
      "content_length": 2505
    },
    {
      "index": 14,
      "name": "陰虛津虧證",
      "clinical_manifestations": null,
      "related_diseases": [],
      "differential_syndromes": [],
      "has_literature": true,
      "content_length": 4514
    },
    {
      "index": 15,
      "name": "陰虛證",
      "clinical_manifestations": "形體消瘦，口燥咽乾，眩暈失眠，潮熱盜汗，五心煩熱，午後顴紅，尿少色黃，大便乾結，舌紅少苔，脈細數。",
      "related_diseases": [
        "“虛勞”",
        "“勞瘵”",
        "“消渴”",
        "“眩暈”"
      ],
      "differential_syndromes": [
        "“血虛證”",
        "“津液虧損證”",
        "“濕鬱熱伏證”"
      ],
      "has_literature": true,
      "content_length": 1851
    },
    {
      "index": 16,
      "name": "陽虛證",
      "clinical_manifestations": "畏寒肢冷，面色晄白，倦怠乏力，少氣懶言，自汗，口淡不渴，小便清長，大便溏薄，舌質淡白，脈虛遲或沉弱。",
      "related_diseases": [
        "“水腫”",
        "“洩瀉”",
        "“心悸”",
        "“虛勞”"
      ],
      "differential_syndromes": [
        "“氣虛證”",
        "“里寒實證”",
        "“真熱假寒證”"
      ],
      "has_literature": true,
      "content_length": 1622
    },
    {
      "index": 17,
      "name": "亡陰證",
      "clinical_manifestations": "肌肉乾癟，皮膚皺摺，唇乾齒燥，眼眶深陷，精神煩躁，或昏迷谵妄，汗出身熱，口渴喜冷飲，呼吸氣短，面色潮紅，舌質乾紅，脈虛數或細數無力。",
      "related_diseases": [],
      "differential_syndromes": [
        "“陰虛證”，“亡血證”"
      ],
      "has_literature": true,
      "content_length": 1522
    },
    {
      "index": 18,
      "name": "亡陽證",
      "clinical_manifestations": "大汗淋漓，汗出如珠。畏寒蜷臥，四肢厥冷，精神恍惚，面色蒼白，呼吸微弱，舌質淡潤，脈微欲絕，或浮數而空。",
      "related_diseases": [
        "“中風”，“霍亂”",
        "“血證”"
      ],
      "differential_syndromes": [
        "“陽虛證”",
        "“亡陰證”"
      ],
      "has_literature": true,
      "content_length": 1220
    },
    {
      "index": 19,
      "name": "失神證",
      "clinical_manifestations": "神志昏迷，或言語失倫，或循衣摸床，撮空理線；目暗睛迷，瞳神呆滯；面色晦暗，表情淡漠呆板；反應遲鈍，動作失靈，強迫體位；呼吸異常，大肉已脫等症狀。",
      "related_diseases": [],
      "differential_syndromes": [
        "“精脫證”",
        "“氣脫證”等"
      ],
      "has_literature": true,
      "content_length": 1976
    },
    {
      "index": 20,
      "name": "風證",
      "clinical_manifestations": "外風為發熱惡風，頭痛，汗出，咳嗽，鼻塞流涕，苔薄白，脈浮緩，或皮膚粗糙起鱗屑，瘙癢；內風見眩暈欲仆，頭搖而痛，項強肢顫，語言謇澀，手足麻木，肢體活動不利，或卒然昏倒，不省人事，口眼喎斜，半身不遂，舌強不語，喉中痰鳴，或高熱神昏，躁擾如狂，手足抽搐，頸項強直，角弓反張，兩目上視，牙關緊閉，或手足蠕動，肌肉搐動，關節拘急不利，肢體麻木，舌紅或淡，脈弦而有力或細。",
      "related_diseases": [],
      "differential_syndromes": [
        "“血虛證”",
        "“肝陽上亢證”等"
      ],
      "has_literature": true,
      "content_length": 3330
    },
    {
      "index": 21,
      "name": "寒證",
      "clinical_manifestations": ":惡寒發熱,無汗,頭痛、身痛,喘咳,苔薄白,脈浮緊;畏寒肢冷,面色蒼白,嘔吐清水,下利清谷,腹痛腸鳴,倦怠喜臥,筋脈拘急,局部冷痛,舌淡苔白,脈沉或沉弱無力,或脈微欲絕等。",
      "related_diseases": [
        "“感冒”",
        "“咳嗽”",
        "“哮病”",
        "“喘病”",
        "“痰飲”",
        "“胸痺”",
        "“胃痛”",
        "“嘔吐”",
        "“泄瀉”",
        "“腹痛”",
        "“腰痛”",
        "“痺病”"
      ],
      "differential_syndromes": [
        "“血瘀證”",
        "“陽虛證”等"
      ],
      "has_literature": true,
      "content_length": 3990
    },
    {
      "index": 22,
      "name": "暑證",
      "clinical_manifestations": ":壯熱頭痛,心煩口渴,面赤汗出,尿赤短少,脈洪數;或伴氣短乏力,甚則突然昏倒,不省人事,或伴四肢困倦,胸悶嘔惡,大便溏泄不爽等症狀。",
      "related_diseases": [],
      "differential_syndromes": [
        "“火熱證”",
        "“濕證”",
        "“燥證”等"
      ],
      "has_literature": true,
      "content_length": 2767
    },
    {
      "index": 23,
      "name": "濕證",
      "clinical_manifestations": ":頭脹而痛,首如裹,胸悶嘔惡,脘腹脹滿,口不作渴,四肢懈怠,身重不舒,或關節痠痛重著,屈伸不利,納呆,便溏,苔膩,脈濡。",
      "related_diseases": [
        "“感冒”",
        "“泄瀉”",
        "“痢疾”",
        "“脅痛”",
        "“黃疸”",
        "“頭痛”",
        "“水腫”",
        "“淋證”",
        "“癃閉”",
        "“腰痛”",
        "“痺病”"
      ],
      "differential_syndromes": [
        "“痰證”",
        "“水飲內停證”等"
      ],
      "has_literature": true,
      "content_length": 3458
    },
    {
      "index": 24,
      "name": "燥證",
      "clinical_manifestations": ":皮膚乾燥皸裂,口鼻乾燥,咽乾口渴,乾咳少痰,或痰中帶血,大便乾結,小便短少,唇焦,舌乾無津;甚則潮熱心煩,皮膚乾澀粗糙,毛髮乾枯不榮,肌肉消瘦,腰膝痠軟,遺精盜汗,舌乾紅無苔,脈細數而弱。",
      "related_diseases": [],
      "differential_syndromes": [
        "“火熱證”",
        "“暑證”",
        "“陰虛證”",
        "“血虛證”等"
      ],
      "has_literature": true,
      "content_length": 3084
    },
    {
      "index": 25,
      "name": "火熱證",
      "clinical_manifestations": ":高熱,惡熱,煩渴,躁狂,面紅耳赤,口舌糜爛,咽乾口苦,齒齦腫痛,大便秘結,小便短赤,舌紅,苔黃燥,脈數有力;或煩躁失眠,夢遺失精,五心煩熱,兩顴潮紅,低熱盗汗,咽乾目澀,頭暈耳鳴,咳嗽痰血,舌紅絳,苔少,脈細數或虛數等。",
      "related_diseases": [],
      "differential_syndromes": [
        "“暑證”",
        "“燥證”等"
      ],
      "has_literature": true,
      "content_length": 4864
    },
    {
      "index": 26,
      "name": "痰證",
      "clinical_manifestations": ":喘咳咯痰,胸悶心悸,神昏痴呆,或癲狂,噁心嘔吐,胃脘痞滿,瘰癧痰核,肢體麻木,眩暈頭痛,咽中如有物梗阻,吞之不下,吐之不出,苔膩,脈滑或弦。",
      "related_diseases": [],
      "differential_syndromes": [
        "“血瘀證”",
        "“濕證”",
        "“水飲內停證”"
      ],
      "has_literature": true,
      "content_length": 3763
    },
    {
      "index": 27,
      "name": "邪毒熾盛證",
      "clinical_manifestations": ":壯熱煩躁,頭痛,神昏譫語、吐血、衄血,肌膚發斑,身黃如金,小便黃赤,大便下血,血色不鮮,或下痢膿血,帶下色如米泔或黃綠如膿,或五色雜下,味臭穢,癰疽疔瘡紅腫高突,或瘡形平塌,根腳漫腫,色紫黑,潰爛久不收口,甚則四肢抽搐,牙關緊閉,角弓反張等。",
      "related_diseases": [],
      "differential_syndromes": [],
      "has_literature": true,
      "content_length": 3027
    },
    {
      "index": 28,
      "name": "太陽證",
      "clinical_manifestations": ":頭項強痛,惡寒,脈浮。",
      "related_diseases": [],
      "differential_syndromes": [
        "“少陽證”",
        "“陽明證”",
        "“溫病衛分證”"
      ],
      "has_literature": true,
      "content_length": 2350
    },
    {
      "index": 29,
      "name": "陽明證",
      "clinical_manifestations": ":身熱,汗自出,不惡寒反惡熱,脈大。",
      "related_diseases": [],
      "differential_syndromes": [
        "“胃熱證”",
        "“氣分證”"
      ],
      "has_literature": true,
      "content_length": 2465
    },
    {
      "index": 30,
      "name": "少陽證",
      "clinical_manifestations": ":寒熱往來,胸脅苦滿,默默不欲飲食,心煩喜嘔,口苦,咽乾,目眩,脈弦。",
      "related_diseases": [],
      "differential_syndromes": [
        "“太陽證”",
        "“陽明證”",
        "“溫病正瘧”",
        "“熱入血室”"
      ],
      "has_literature": true,
      "content_length": 2732
    },
    {
      "index": 31,
      "name": "太陰證",
      "clinical_manifestations": ":腹滿而吐,食不下,自利益甚,時腹自痛,喜溫喜按,口不渴,手足自溫,舌淡苔薄白,脈緩弱。",
      "related_diseases": [],
      "differential_syndromes": [],
      "has_literature": true,
      "content_length": 2083
    },
    {
      "index": 32,
      "name": "厥陰證",
      "clinical_manifestations": "口渴不止，氣上衝心，心中疼熱，飢而不欲食，嘔吐或吐出蛔蟲等。",
      "related_diseases": [],
      "differential_syndromes": [
        "諸“厥證”",
        "“下利”",
        "“嘔噦”及“少陰戴陽證”"
      ],
      "has_literature": true,
      "content_length": 3227
    },
    {
      "index": 33,
      "name": "少陰證",
      "clinical_manifestations": "但欲寐，脈微細。",
      "related_diseases": [],
      "differential_syndromes": [
        "“太陰證”",
        "“厥陰證”"
      ],
      "has_literature": true,
      "content_length": 3122
    },
    {
      "index": 34,
      "name": "衛分證",
      "clinical_manifestations": "發熱頭痛，微惡風寒，有少許汗或無汗，咳嗽，口微渴，咽痛，苔薄白，脈浮數。",
      "related_diseases": [
        "：“風溫”",
        "“感冒”",
        "“麻疹”"
      ],
      "differential_syndromes": [
        "“風寒犯肺證”",
        "“溫燥犯肺證”",
        "“濕遏衛陽證”",
        "“暑熱犯肺證”"
      ],
      "has_literature": true,
      "content_length": 2576
    },
    {
      "index": 35,
      "name": "氣分證",
      "clinical_manifestations": "不惡寒而惡熱，口苦口渴，汗出心煩，呼吸氣粗，舌苔或白、或黃、或厚、或膩、或燥而少津，脈象洪大等。",
      "related_diseases": [],
      "differential_syndromes": [
        "“衛分證”",
        "“邪熱入營證”",
        "“陰虛里熱證”"
      ],
      "has_literature": true,
      "content_length": 1972
    },
    {
      "index": 36,
      "name": "營分證",
      "clinical_manifestations": "心煩不寐，身熱夜甚，時有譫語，斑疹隱隱，口不甚渴，或有神昏驚厥，脈象細數，舌絳。以舌絳、身熱為主要特徵。",
      "related_diseases": [],
      "differential_syndromes": [
        "“氣營兩燔證”",
        "“逆傳心包證”",
        "“真陰耗損證”等"
      ],
      "has_literature": true,
      "content_length": 2442
    },
    {
      "index": 37,
      "name": "血分證",
      "clinical_manifestations": "；身熱夜甚，灼熱不退，躁擾不寧，口乾不渴，斑疹顯露，吐衄便血，甚則昏亂狂妄，舌質深絳，脈細數。以舌質深絳，血熱妄行為基本特徵。",
      "related_diseases": [
        "“春溫”",
        "“暑溫”",
        "“濕溫”"
      ],
      "differential_syndromes": [],
      "has_literature": true,
      "content_length": 1695
    },
    {
      "index": 38,
      "name": "氣虛發熱證",
      "clinical_manifestations": "發熱，熱勢或低或高，常在勞累後發作或加劇，倦怠乏力，短氣懶言，食少便溏，自汗，易於感冒，舌質淡，苔薄白，脈弱。",
      "related_diseases": [],
      "differential_syndromes": [
        "“外感發熱證”",
        "“陰虛內熱證”",
        "“氣鬱發熱證”等"
      ],
      "has_literature": true,
      "content_length": 2215
    },
    {
      "index": 39,
      "name": "氣虛外感證",
      "clinical_manifestations": "發熱，惡寒較甚，無汗或自汗出，身楚倦怠，咳嗽，咯痰無力，甚則氣少不足以息，聲音低怯，面色淡白，舌淡苔白，脈浮無力。",
      "related_diseases": [],
      "differential_syndromes": [
        "“陽虛外感證”",
        "“陰虛外感證”",
        "“血虛外感證”等"
      ],
      "has_literature": true,
      "content_length": 2339
    },
    {
      "index": 40,
      "name": "氣虛血瘀證",
      "clinical_manifestations": null,
      "related_diseases": [
        "“胸痺”",
        "“中風”",
        "“積聚”",
        "“痺證”"
      ],
      "differential_syndromes": [
        "“血瘀證”",
        "“氣滯血瘀證”",
        "“氣血兩虛證”"
      ],
      "has_literature": true,
      "content_length": 1741
    },
    {
      "index": 41,
      "name": "氣滯血瘀證",
      "clinical_manifestations": "胸脅脹悶，走竄疼痛，性情急躁易怒，或脅下痞塊，刺痛拒按，女子可見經閉或痛經，經色紫暗，夾有血塊，乳房脹痛等，舌紫暗或見瘀點瘀斑，脈澀。",
      "related_diseases": [
        "：“胸痺心痛”",
        "“胃痛”",
        "“脅痛”",
        "“積聚”",
        "“臌脹”",
        "“狂病”",
        "“痛經”"
      ],
      "differential_syndromes": [
        "“氣滯證”",
        "“血瘀證”",
        "“氣虛血瘀證”",
        "“痰瘀互阻證”"
      ],
      "has_literature": true,
      "content_length": 1904
    },
    {
      "index": 42,
      "name": "氣滯痰凝證",
      "clinical_manifestations": "情志抑郁，急躁易怒，胸脅滿悶，善太息，或咽喉如有梅核堵塞，或吞嚥梗阻，或神志痴呆，或發瘿瘤瘰癧，舌苔薄膩，脈弦細而滑。",
      "related_diseases": [],
      "differential_syndromes": [
        "“肝脾不調證”",
        "“肝胃不和證”"
      ],
      "has_literature": true,
      "content_length": 1816
    },
    {
      "index": 43,
      "name": "氣滯濕阻證",
      "clinical_manifestations": null,
      "related_diseases": [],
      "differential_syndromes": [
        "“氣滯痰凝證”",
        "“脾虛濕困證”",
        "“氣滯水停證”"
      ],
      "has_literature": true,
      "content_length": 1681
    },
    {
      "index": 44,
      "name": "氣鬱化火證",
      "clinical_manifestations": "情緒抑郁，心煩，急躁易怒，胸脅脹痛，善嘆息，口乾口苦，舌紅，苔黃，脈弦數。",
      "related_diseases": [
        "“咳嗽”",
        "“不寐”",
        "“胃痛”",
        "“遺精”",
        "“狂病”",
        "“內傷發熱”"
      ],
      "differential_syndromes": [
        "“火熱證”",
        "“肝鬱化火證”",
        "“血瘀化熱證”"
      ],
      "has_literature": true,
      "content_length": 1697
    },
    {
      "index": 45,
      "name": "氣滯水停證",
      "clinical_manifestations": "頭面、四肢，甚至全身水腫，或為腹水而見腹部膨隆，或為胸水而見胸悶，嘔惡等症，小便短少不利，身重，胸脅脹滿，苔滑，脈弦滑等。",
      "related_diseases": [],
      "differential_syndromes": [
        "“氣滯痰凝證”",
        "“氣滯濕阻證”",
        "“水濕泛濫證”"
      ],
      "has_literature": true,
      "content_length": 1648
    },
    {
      "index": 46,
      "name": "血虛生風證",
      "clinical_manifestations": "眩暈耳鳴，視物模糊，面色無華，手足震顫，或肌肉瞤動，肢體麻木，關節不利，爪甲不榮，舌質淡白，脈細弱。",
      "related_diseases": [
        "“眩暈”",
        "“中風病”",
        "“痙病”"
      ],
      "differential_syndromes": [
        "“肝風內動證”",
        "“熱盛動風證”",
        "“陰虛動風證”"
      ],
      "has_literature": true,
      "content_length": 1855
    },
    {
      "index": 47,
      "name": "血虛風燥證",
      "clinical_manifestations": "面白無華，頭暈目眩，心悸失眠，手足震顫，肌肉瞤動，肢體麻木，口燥咽乾，聲音嘶啞，乾咳少痰或痰中帶血，皮膚乾澀粗糙，毛髮乾枯不榮，或皮膚瘙癢，尿少，便秘，舌淡紅苔乾，脈細或細數。",
      "related_diseases": [
        "“虛勞”",
        "“燥痺”",
        "“便秘”",
        "“白疕”",
        "“閉經”"
      ],
      "differential_syndromes": [
        "“血虛生風證”",
        "“血燥證”",
        "“外燥證”",
        "“血虛證”等"
      ],
      "has_literature": true,
      "content_length": 2322
    },
    {
      "index": 48,
      "name": "血虛津虧證",
      "clinical_manifestations": "形體消瘦，頭暈耳鳴，心悸健忘，失眠多夢，口乾咽燥，鼻唇燥裂，乾咳失音，皮膚乾燥，目澀少淚，尿少便結，舌淡少津，苔少或剝，脈細小。",
      "related_diseases": [
        "“便秘”",
        "“燥痺”",
        "“消渴”",
        "“虛勞”",
        "“痰證”"
      ],
      "differential_syndromes": [
        "“陰虛證”",
        "“津液虧虛證”"
      ],
      "has_literature": true,
      "content_length": 2446
    },
    {
      "index": 49,
      "name": "血虛寒凝證",
      "clinical_manifestations": "肢體麻木，手足清冷，畏寒，心腹冷痛，得熱則舒，頭暈耳鳴，心悸失眠，面色暗淡無華，舌淡暗苔白，脈細澀。",
      "related_diseases": [
        "“胸痛”",
        "“胃痛”",
        "“腹痛”",
        "“脫疽”",
        "“痺病”",
        "“月經不調和痛經”"
      ],
      "differential_syndromes": [
        "“血寒證”",
        "“血瘀證”"
      ],
      "has_literature": true,
      "content_length": 1943
    },
    {
      "index": 50,
      "name": "血虛外感證",
      "clinical_manifestations": "頭痛身熱，微惡風寒，少汗或無汗，鼻塞流涕，乾咳少痰，頭暈目花，面白無華，指甲蒼白，心悸健忘，手足發麻，女子月經量少，唇舌淡，苔薄白，脈細或浮而無力。",
      "related_diseases": [],
      "differential_syndromes": [
        "“氣虛外感證”",
        "“陰虛外感證”",
        "“陽虛外感證”"
      ],
      "has_literature": true,
      "content_length": 1832
    },
    {
      "index": 51,
      "name": "血瘀氣滯證",
      "clinical_manifestations": "血瘀氣滯證由於瘀阻部位不同，可產生不同的症狀。如瘀阻於心，可見胸悶心痛，口唇青紫；瘀阻胃腸，可見脘腹疼痛、拒按；瘀阻於肢體局部，可見局部腫痛或青紫。脹痛刺痛，痛處固定。同時常兼有面色黧黑，或唇甲青紫，肌膚甲錯。納少体倦，婦女可見痛經、閉經、舌質暗，有瘀斑，舌下脈絡紆曲，苔白，脈弦澀。",
      "related_diseases": [
        "“胸痺心痛”",
        "“胃痛”",
        "“腹痛”",
        "“積聚”",
        "“痺病”",
        "“頭痛”"
      ],
      "differential_syndromes": [
        "“氣滯血瘀證”",
        "“血寒證”",
        "“氣滯證”"
      ],
      "has_literature": true,
      "content_length": 2503
    },
    {
      "index": 52,
      "name": "血瘀化熱證",
      "clinical_manifestations": "血瘀局部疼痛，狀如針刺，痛處不移，夜間加重，局部可有腫塊，面色黧黑，或唇甲青紫，或皮下紫斑，或肌膚甲錯，或青筋顯露，伴低熱或自覺烘熱，口乾不欲飲，小便短赤，舌質暗紅，邊有瘀點、瘀斑，脈細弦而澀。女子可見經閉，或為血崩、漏下。",
      "related_diseases": [
        "“痺病”",
        "“內傷發熱”",
        "“黃疸”",
        "“積聚”",
        "“癲狂”"
      ],
      "differential_syndromes": [
        "“血瘀證”",
        "“氣滯血瘀證”",
        "“血熱瘀滯證”",
        "“血熱證”"
      ],
      "has_literature": true,
      "content_length": 2261
    },
    {
      "index": 53,
      "name": "血瘀水停證",
      "clinical_manifestations": "面色黧黑，口乾不欲飲，水腫，或見於下肢，或見於眼瞼，甚或全身皆腫，水停心胸則喘憋心悸，水停腹腔見腹滿如鼓，叩之聲濁，小便不利，舌質紫，有瘀斑，脈沉細而澀或沉弦。",
      "related_diseases": [
        "“鼓脹”",
        "“癃閉”",
        "“心痺”",
        "“水腫”"
      ],
      "differential_syndromes": [
        "“水飲內停”",
        "“水濕泛滥”",
        "“陽虛水泛”"
      ],
      "has_literature": true,
      "content_length": 1992
    },
    {
      "index": 54,
      "name": "血瘀動血證",
      "clinical_manifestations": "以出血為主，包括鼻衄、齒衄、咳血、吐血、便血、尿血等，血色紫暗，或夾有血塊，局部體表有腫塊，或腹中癥積，面色晦暗無華，唇甲青紫，煩熱，口乾，舌質紫暗或見紫斑、紫點，或舌下脈絡曲張，脈細數。",
      "related_diseases": [
        "“鼓脹”",
        "“血證”",
        "“中風”",
        "“崩漏”"
      ],
      "differential_syndromes": [
        "“脾不統血證”",
        "“血熱動血證”"
      ],
      "has_literature": true,
      "content_length": 2017
    },
    {
      "index": 55,
      "name": "瘀血痺阻證",
      "clinical_manifestations": "局部刺痛，痛處固定，拒按，日輕夜重，甚則局部腫脹或有硬結、瘀斑，伴面色黧黑，肌膚甲錯，唇青舌紫，脈澀。",
      "related_diseases": [
        "“痺病”",
        "“胸痺心痛”",
        "“頭痛”",
        "“中風”",
        "“腰痛”"
      ],
      "differential_syndromes": [
        "“瘀熱痺阻證”",
        "“痰瘀痺阻證”"
      ],
      "has_literature": true,
      "content_length": 2167
    },
    {
      "index": 56,
      "name": "血熱動風證",
      "clinical_manifestations": "壯熱神昏，或躁擾發狂，頭暈脹痛，心煩，手足抽搐，頸項強直，角弓反張，甚則痙厥互見，發斑吐衄，舌質紅或紅絳，脈細數。",
      "related_diseases": [],
      "differential_syndromes": [
        "“熱極生風證”",
        "“肝陽化風證”",
        "“血虛生風證”",
        "“陰虛風動證”"
      ],
      "has_literature": true,
      "content_length": 1908
    }
  ],
  "evolution_relations": [
    {
      "from": "氣陷證",
      "to": "氣虛",
      "type": "evolved_from"
    },
    {
      "from": "氣陷證",
      "to": "氣陷證",
      "type": "evolved_from"
    },
    {
      "from": "氣脫證",
      "to": "亡陰證",
      "type": "precursor_of"
    },
    {
      "from": "氣逆證",
      "to": "氣逆",
      "type": "can_evolve_to"
    },
    {
      "from": "血虛證",
      "to": "氣隨血脫之候，症見面色蒼白，四肢不溫，自汗膚冷，氣息低微，脈微細或芤，甚則出現暈厥。顯然與血虛",
      "type": "can_evolve_to"
    },
    {
      "from": "血脫證",
      "to": "血虛",
      "type": "evolved_from"
    },
    {
      "from": "精脫證",
      "to": "溫病熱入下焦，肝腎陰津受灼所致，或由肺陰進一步",
      "type": "evolved_from"
    },
    {
      "from": "陰虛津虧證",
      "to": "陰虛",
      "type": "can_evolve_to"
    },
    {
      "from": "陽虛證",
      "to": "先天稟賦不足，後天失養，久病傷氣等原因引起。由於氣虛，臟腑機能不健，臨床主要表現為倦怠乏力，少氣懶言，頭暈目眩，自汗，舌淡，脈虛無力等症。陽虛證除具有與氣虛證相同的病因外，尚可由感受寒邪，過食生冷，損傷陽氣等原因所致，亦可由氣虛證",
      "type": "evolved_from"
    },
    {
      "from": "陽虛證",
      "to": "畏寒肢冷，脈遲等陽氣不足，溫煦失職的表現。其與氣虛",
      "type": "can_evolve_to"
    },
    {
      "from": "亡陰證",
      "to": "亡陰",
      "type": "can_evolve_to"
    },
    {
      "from": "亡陽證",
      "to": "亡陰證",
      "type": "evolved_from"
    },
    {
      "from": "亡陽證",
      "to": "先天稟賦不足，久病體虛，或寒邪傷陽所致，主要表現為倦怠乏力，少氣懶言，自汗，畏寒肢冷，面色晄白，口淡不渴，小便清長，大便溏薄，舌質淡白，脈虛弱或沉弱，病程較長，病情較緩。亡陽證是由汗、吐、下過度，或由亡陰證",
      "type": "evolved_from"
    },
    {
      "from": "亡陽證",
      "to": "汗、吐、下過劇",
      "type": "evolved_from"
    },
    {
      "from": "燥證",
      "to": "體內精血虧奪,機體失於滋潤的血燥、內燥表現,症見口燥咽乾,皮膚乾澀粗糙,起鱗屑,瘙痒,毛髮乾枯不榮,大便秘結,小便短少,舌紅苔乾,脈弦細數等,故二",
      "type": "can_evolve_to"
    },
    {
      "from": "太陰證",
      "to": "脾腎虛寒,亦可形成少陰虛寒之",
      "type": "can_evolve_to"
    },
    {
      "from": "太陰證",
      "to": "陽明",
      "type": "can_evolve_to"
    },
    {
      "from": "血虛生風證",
      "to": "陰血虧虛，筋脈失養而成。臨床上以手足麻木，震顫或蠕動為其共同特點，同屬虛證，均可由內傷久病",
      "type": "evolved_from"
    }
  ]
}