{
  "id": "qi_zhi_shi_zu",
  "name": "氣滯濕阻證",
  "category": "複合證候",
  "index": 43,
  "zhengsu_composition": {
    "location": [],
    "nature": [
      "qi_zhi",
      "shi",
      "shi_zu"
    ]
  },
  "severity": 2,
  "symptoms": {
    "primary": [],
    "secondary": [],
    "tongue": "",
    "pulse": ""
  },
  "clinical_manifestations": "",
  "pathogenesis": "外邪侵襲，情志內傷，飲食勞倦等",
  "common_diseases": [],
  "differential_patterns": [
    "“氣滯痰凝證”",
    "“脾虛濕困證”",
    "“氣滯水停證”"
  ],
  "self_analysis": "氣滯濕阻證的臨床表現因病而異。如在黃疸病中出現氣滯濕阻證表現為胸脅脹滿，發熱，目黃，肌膚色黃晦垢，四肢困重，胸悶，納呆，嘔惡，便溏，小便黃，苔白厚膩，脈弦緩，治宜疏肝理氣，利濕退黃，方用小柴胡湯(《傷寒論》)合茵陳蒿湯(《傷寒論》)。在痢疾初期出現氣滯濕阻證多為熱證、實證。表現為腹痛，腹瀉，里急後重，下利赤白膿血便，舌苔黃膩，脈弦滑而實，治宜清熱化濕，調和氣血，方用芍藥湯(《保命集》)。在泄瀉中出現氣滯濕阻證表現為胸脅脹悶，噯氣，食少倦怠，腹脹，腹瀉，瀉後痛不減或加重，且腹瀉與精神因素相關，苔白膩，脈弦，治宜疏肝健脾，祛濕止泄，方用痛瀉要方(《景岳全書》引劉草窗方)合參苓白朮散(《和劑局方》)。在痞證中出現氣滯濕阻證表現為胃脘不舒，痞塞滿悶，心煩易怒，兩脅作脹，不思飲食，噁心，嘔吐，口苦，大便粘滯不爽，苔白膩，脈弦滑，治宜疏肝健脾，祛濕消滯，方用越鞠丸(《丹溪心法》)合半夏瀉心湯(《傷寒論》)。在帶下病中出現氣滯濕阻證表現為帶下量多，色白粘稠，急躁易怒，情志不舒，納呆，神疲，口淡乏味，面浮肢腫，大便溏薄，舌質淡，苔薄白或白膩，脈細弦，治宜健脾疏肝，祛濕止帶，方用完帶湯(《傅青主女科》)加減。\n一般來說氣滯濕阻證病程較長，纏綿難愈。多因外邪侵襲，情志不暢，所願不遂等影響體內氣機運行，而津液的輸布，排泄有賴於氣的推動及氣化作用，氣機異常，津液代謝發生障礙，導致水濕停聚於脾胃，發為此證。\n停於體內的濕邪可因患者的體質不同或從陽化熱，為濕熱，或從陰化寒，為寒濕。停滯之濕進一步阻遏氣機，加重氣滯之證。此外，內濕在人體內還可以進一步發展演變，如上入胸膈可形成濕蔽清陽，嚴重者可產生神識如蒙的症狀。或胸陽痺阻，發生胸痺，胸痛。如壅結於大腸，又可見大便下血，血色不鮮，或紫黑如赤豆汁等症狀。因此應當予以重視。",
  "differential_analysis": "氣滯痰凝證與氣滯濕阻證 二者均有氣滯的表現如胸脅脘腹脹悶竄痛等症，因痰質地稠濁而粘，易停於肺而見吐痰多的主症。也可隨氣流竄全身，見症複雜。可因痰凝於機體的不同部位而出現胸痺、梅核氣、噎膈、癲、瘿瘤、瘰癧等疾病。而濕邪則無明顯形質，瀰漫重濁，臨床可見頭身困重，納呆，食少，胸悶嘔惡，便溏，面色晦垢，苔膩，脈滯緩等症。二者可以此鑑別。\n脾虛濕困證與氣滯濕阻證 前者由脾先虛水濕不運而形成，或因脾陽不振而寒濕停聚中焦形成，但均為脾虛在先，濕生在後所致。後者則因氣運不暢，影響津液的輸布代謝而致。前者的臨床表現可分為脾虛(脾氣虛、脾陽虛)和水濕停聚兩大類。而後者則是氣滯兼見濕阻，可以此為鑑。但二者在病機上有一定的聯繫，脾虛濕困證的濕邪作為一種病理產物停聚於體內，影響氣機運行導致氣滯；而氣滯濕阻證，濕邪停滯於脾，影響脾的生理功能，日久可導致脾虛。\n氣滯水停證與氣滯濕阻證 二者均由氣機運行異常導致津液代謝異常而致病，但相較而言，前者病情較後者嚴重，水液正常代謝失衡，聚而成濕，繼續發展則水停於肌膚，四肢而出現典型的頭面，四肢，甚至全身水腫，按之凹陷不易起的表現，且水聚而腫的部位可隨體位的改變而變化。或為腹水而見腹部膨隆，叩之音濁。而氣滯濕阻證則以氣滯與濕阻之證並見為特點。二者不難鑑別。",
  "literature": "《醫原·濕氣論》：“病肝木者何？蓋木賴水生，水多則木泛，木泛則不得遂其生發之性，而疏洩無權，樞轉不力，《內經》謂風濕交爭，風不勝濕之意。”\n《臨證指南医案·濕》：“濕為重濁有質之邪，若從外而受者，皆由地中之氣升騰；從內而生者，皆由脾陽之不運。”"
}