{
  "id": "shao_yang",
  "name": "少陽證",
  "category": "六經辨證",
  "index": 30,
  "zhengsu_composition": {
    "location": [
      "shaoyang"
    ],
    "nature": []
  },
  "severity": 2,
  "symptoms": {
    "primary": [
      "寒熱往來",
      "胸脅苦滿",
      "默默不欲飲食",
      "心煩喜嘔"
    ],
    "secondary": [
      "口苦",
      "咽乾",
      "目眩",
      "少陽為樞",
      "其病可出可入",
      "故其兼變證多",
      "傳變亦為重要",
      "臨床可見少陽兼太陽證",
      "少陽兼陽明證",
      "少陽兼水飲內結證及少陽表里相兼虛實錯雜證等",
      "本證應與“太陽證”",
      "“陽明證”",
      "“溫病正瘧”",
      "“熱入血室”相鑑別"
    ],
    "tongue": "",
    "pulse": "脈弦"
  },
  "clinical_manifestations": "寒熱往來,胸脅苦滿,默默不欲飲食,心煩喜嘔,口苦,咽乾,目眩,脈弦。少陽為樞,其病可出可入,故其兼變證多,傳變亦為重要。臨床可見少陽兼太陽證,少陽兼陽明證,少陽兼水飲內結證及少陽表里相兼虛實錯雜證等。本證應與“太陽證”、“陽明證”、“溫病正瘧”、“熱入血室”相鑑別。",
  "pathogenesis": "",
  "common_diseases": [],
  "differential_patterns": [
    "“太陽證”",
    "“陽明證”",
    "“溫病正瘧”",
    "“熱入血室”"
  ],
  "self_analysis": "少陽為半表半里之證,其相對於“太陽證”來說可謂里證,而相對於“陽明證”來說可謂表證,故表里之說乃相對而言。少陽證以“口苦、咽乾、目眩”為綱。因少陽主相火,亦主樞機,內應於膽及三焦,膽腑疏泄正常,則相火得以出入正常,遊行於肌膚分肉之間,溫暖身體,維持生理功能。若邪氣內侵,無論他經傳來或本經自受,均鬱於膽腑及三焦,樞機不利,正邪分爭於半表半里之間則見寒熱往來;相火鬱而上炎,灼傷津液而有口苦、咽乾;足少陽脈起於目銳眦,且肝膽互為表里,肝開竅於目,故膽火上擾,邪犯清竅而見目眩;足少陽之脈下胸中貫膈,絡肝屬膽,循脅里,此為胸脅之分,故邪鬱少陽,經氣不利可見胸脅苦滿而脈弦;“邪在膽,逆在胃”。膽火內鬱,影響脾胃功能而見表情默默,不欲飲食,胃失和降而喜嘔。治宜和解少陽,方用小柴胡湯(《傷寒證》)。此方的特色在於“但見一證便是,不必悉具”,提示少陽乃半表半里之樞機,見是證即應用是方,否則會延誤治療時機,病邪入里而難治。\n少陽證在病機演變化過程中,因其位置居於表里之間,且為樞機,出入隨行,變化頗多。如太陽病傳入少陽,少陽為病可兼未盡之太陽邪氣而有少陽兼太陽證,臨床表現有發熱,微惡寒,支節煩疼,微嘔,心下支結等,治宜和解少陽兼以表散,方用柴胡桂枝湯(《傷寒論》)。若少陽病未盡而傳入陽明可見少陽證兼里實證,臨床表現有嘔不止,心下急,鬱鬱微煩,或心中痞硬,嘔吐而不利等,治宜和解少陽,通下里實,方用大柴胡湯(《傷寒論》)。少陽證當以和解為主,應當禁用汗吐下法,若違背這一根本法則則變證叢生。如少陽兼里實證誤下後出現下利、潮熱等表現,治宜和解少陽兼以瀉熱潤燥,方用柴胡加芒硝湯(《傷寒論》)。少陽不可發汗或攻下,若汗、下後劫傷陰津,虛火上炎而見譫語,胸滿煩驚,小便不利,一身盡重不能轉側等表現者,治宜和解少陽,通陽泄熱,重鎮安神,方用柴胡加龍骨牡蠣湯(《傷寒論》)。傷寒五、六日,經發汗、攻下之後,病邪傳入少陽,同時按有胸脅滿微結,渴而不嘔,小便不利之症者,乃少陽證兼水飲內結之象,治宜和解少陽,溫化水飲,方用柴胡桂枝乾薑湯(《傷寒論》)。少陽兼中虛腹痛證臨床表現可見腹中急痛,治宜先溫中補虛,再和解少陽,方用小建中湯(《傷寒論》)。少陽居半表半里之位,傳變轉歸尤為重要。且傷寒歷經數日,有傳變的可能,亦可不傳變,其判斷依據在於脈證。若傷寒數日表尤大熱,卻出現躁煩現象,說明表證不復存在,病邪已傳入里。若少陽證罷,患者反而能食且不再嘔吐,說明臟氣未虛,中州健運,邪氣不會傳入三陰經。少陽證主脈為弦脈,若病人脈不弦而漸趨平和,說明少陽邪氣將退,病情向愈。",
  "differential_analysis": "太陽證、陽明證與少陽證 三者合稱三陽證,臨床表現中均可出現發熱。但三者病位,病機及臨床表現又有所區別。其一,從病位看,太陽屬表,邪氣在皮毛,陽明屬里,少陽在半表半里之間;其二,就病機言,太陽為寒襲肌表,營衛失和,陽明為邪熱阻結胃腸,里實熱盛,少陽則為邪氣內鬱膽腑,經氣不利,正邪交爭;其三,臨床表現雖都有惡寒發熱,但太陽表證之寒熱同時並見,陽明可見但熱不寒,少陽證的特徵為寒往則熱來,熱往則寒來,兩者交替出現,此為少陽所獨有。綜觀三證為外感病發展中之三個獨立的階段,而三者又互相聯繫影響,太陽病可傳入陽明、少陽,陽明亦可傳入少陽,少陽可兼陽明、太陽證,故三證關係密切。\n溫病正瘧與少陽證 二者皆有寒熱往來。少陽證見胸脅苦滿,心煩喜嘔,默默不欲飲食,心煩喜嘔等。溫病正瘧臨床表現有初起肢體痠楚,呵欠乏力,繼則畏寒戰慄,寒罷則發熱,很快即通體灼熱,頭痛面赤,口渴心煩,數小時後,汗出淋漓,諸症消失,舌紅苔白脈弦。兩者鑑別如下:病機上,少陽證為邪犯少陽,樞機不利,正瘧為瘧邪作祟,出入營衛。臨床表現上,少陽證的寒熱往來發無定時,互為因果,循環不止,而瘧疾寒熱多為一日或間日發作,發有定時,二者熱型有較大的區別,以資為鑑。\n熱入血室證與少陽證 血室即為胞宮,其居於腸胃之外,身軀之內,可謂之半表半里。若婦女外感傷寒,適逢經期,適來適斷,血室空虛,表邪入里化熱,結於血室,而出現熱除而脈遲身涼,或續得寒熱,發作有時,或胸脅下滿,或少腹滿痛,晝日明了,暮則譫語如見鬼狀等。熱入血室證與少陽證均見寒熱往來,但病因、病位及臨床表現均不相同。少陽證多可由太陽表證傳來,或外邪直入侵犯少陽,與婦女月經到來與否無關,而熱入血室則為婦女外感,恰值經期適來適斷而發。二者病位雖都可稱為半表半里,但少陽證病位在膽腑及三焦,而熱入血室證在下焦胞宮,自有不同。臨床表現少陽證可出現心煩、譫語,但熱入血室之譫語為“晝日明了,暮則譫語”,二證從以上幾點綜合起來不難區分。",
  "literature": "《註解傷寒論·辨少陽病脈證並治》:“足少陽,膽經也。《內經》曰:病有口苦者,名曰膽瘅。《甲乙經》曰:膽者,中精之腑,五臟取決於膽,咽為之使。少陽之脈,起於目銳眦,少陽受邪,致口苦,咽乾,目眩。”\n《醫宗金鑑·訂正仲景全書》:“少陽者,膽經也。其脈起於目銳眦,從耳後入耳中,挾咽,出頰車中。邪傷其經,故口苦、咽乾、目眩也。口苦者,熱蒸膽氣上溢也;咽乾者,熱耗津液也;目眩者,熱熏眼發黑也。此揭中風、傷寒邪傳少陽之總綱,凡篇中稱少陽中風、傷寒者,即具此證之謂也。”\n《傷寒來苏集·傷寒論注·少陽脈證》:“太陽主表,頭項強痛為提綱,陽明主里,胃家實為提綱,少陽居半表半里之位,仲景特揭口苦、咽乾、目眩為提綱,奇而至當也。蓋口、咽、目三者,不可謂之表,又不可謂之里,是表之入里,里之出表處,所謂半表半里也。三者能開能闔,開之可見,闔之不見,恰合樞機之象,故兩耳為少陽經絡出入之地,苦、乾、眩者,皆相火上走空竅而為病也。此病自內之外,人所不知,為病人獨知,診家不可無問法。”\n《註解傷寒論·辨太陽病脈證並治法中》:“病有在表者,有在里者,有在表里之間者,此邪氣在半表半里之間,謂之半表半里證。五六日,邪氣自表傳里之時。中風者,或傷寒至五六日也。《玉函》曰:中風五六日傷寒,往來寒熱,即是或中風,或傷寒,非是傷寒再中風,中風復傷寒也。論曰:傷寒中風,有柴胡證,但見一證便是,不必悉具者,正是謂或中風,或傷寒也……。”"
}