{
  "id": "shao_yin_zheng",
  "name": "少陰證",
  "alias": ["少陰病", "少陰經證"],
  "classification": {
    "category": "傷寒證候",
    "liu_jing": "少陰"
  },
  "zhengsu_composition": {
    "location": ["xin", "shen"],
    "nature": ["yang_xu", "yin_xu"]
  },
  "definition": "外感性疾病發展過程中的後期和危重階段，系陽氣衰微，營陰不足所致的證候。少陰包括心、腎，以心、腎的病理變化為基礎，可本臟直中，亦可由他經如太陽、陽明等傳來，屬里虛證，且多死證。",
  "pathogenesis": "少陰證以「脈微細，但欲寐」為提綱，病位在心、腎。心、腎為水火之臟，陰陽之根。脈微為陽氣衰微，無力鼓動血行；脈細為陰虛則脈細；但欲寐為「陽氣者，精則養神」，心腎陽虛，陰寒內盛，神失所養。陽氣虛衰，邪從寒化而為全身性虛寒證候；若陰虛陽亢，從陽化熱，而為熱化證。",
  "pathogenesis_analysis": [
    { "symptom": "脈微", "mechanism": "病入少陰，傷及心腎，心腎兩虛，陽氣衰微，無力鼓動血行" },
    { "symptom": "脈細", "mechanism": "陰虛則脈細" },
    { "symptom": "但欲寐", "mechanism": "「陽氣者，精則養神」，心腎陽虛，陰寒內盛，神失所養" }
  ],
  "symptoms": {
    "main": ["但欲寐", "脈微細"],
    "secondary": [],
    "tongue": "",
    "pulse": "脈微細"
  },
  "symptoms_table": [
    { "category": "主症", "manifestations": ["但欲寐", "脈微細"] }
  ],
  "related_diseases": ["胸痺", "水腫", "失眠", "咽痛"],
  "self_analysis": {
    "overview": "少陰證以「脈微細，但欲寐」為提綱，病位在心、腎。心、腎為水火之臟，陰陽之根。少陰病屬虛證，治療上一般禁用汗下法，且少陰病變複雜多樣，變化繁多，臨床辨證時須仔細參合、審證。",
    "key_points": ["脈微細", "但欲寐", "病位在心腎", "屬里虛證，多死證"]
  },
  "transformation_types": {
    "cold_transformation": {
      "overview": "少陰病以寒化證為多見，本證以心腎陽虛，陰寒內盛為主症，有火不生土，脾失健運之下利清谷，欲吐不吐之次症",
      "symptoms": ["無熱惡寒", "蜷臥", "心煩", "吐利", "口中和或渴喜熱飲（飲亦不多）", "小便清利", "手足厥逆"],
      "treatment": "回陽救逆",
      "formula": "四逆湯（《傷寒論》）",
      "clinical_subtypes": [
        {
          "disease": "心肌梗死猝心痛",
          "symptoms": ["面色蒼白", "心悸氣短", "惡寒冷汗", "四肢厥逆或疼痛或下利清谷", "指端青紫", "唇青面黑", "舌質紫暗", "大小便失禁", "脈微欲絕或見結代"],
          "treatment": "回陽救逆",
          "formula": "四逆湯"
        },
        {
          "disease": "黃疸陰黃證",
          "symptoms": ["周身黃色晦暗", "脘悶腹脹", "大便溏薄", "神疲畏寒", "苔白膩", "舌淡體胖", "脈沉細而遲"],
          "treatment": "溫化寒濕",
          "formula": "四逆湯加茵陳、人參"
        },
        {
          "disease": "水腫病",
          "symptoms": ["周身浮腫", "腰痛膝軟", "畏寒肢冷", "小便不利或夜尿特多", "舌質淡白", "兩尺脈弱"],
          "treatment": "溫腎行水",
          "formula": "真武湯"
        },
        {
          "disease": "陰盛格陽證",
          "symptoms": ["面色紅赤", "手足厥逆", "煩躁", "不惡寒而反熱", "下利清谷"],
          "treatment": "破陰回陽，通達內外",
          "formula": "通脈四逆湯加減"
        },
        {
          "disease": "陰盛戴陽證",
          "symptoms": ["周身寒象", "脈微下利", "惟面部獨赤（陰盛於下，格陽於上）"],
          "treatment": "破陰回陽，宣通上下",
          "formula": "白通湯"
        },
        {
          "disease": "痺病",
          "symptoms": ["身體痛", "骨節痛", "口中和", "背惡寒", "身不熱而手足寒", "脈不浮而沉"],
          "treatment": "溫經散寒除濕",
          "formula": "附子湯"
        },
        {
          "disease": "吐利煩躁證",
          "symptoms": ["吐利", "手足逆冷", "煩躁欲死（陽虛陰盛，正邪劇爭之象）"],
          "treatment": "溫降肝胃，泄濁通陽",
          "formula": "吳茱萸湯"
        },
        {
          "disease": "下焦虛寒證",
          "symptoms": ["下利便膿血", "其色晦暗不澤", "其氣腥冷不臭", "腹痛綿綿", "喜溫喜按", "無里急後重", "肛門灼熱"],
          "treatment": "溫澀固脫",
          "formula": "桃花湯"
        }
      ]
    },
    "heat_transformation": {
      "overview": "少陰熱化證為少陰陰虛而火旺之熱化徵象，病人腎水素虧，邪從熱化，腎水不足，心火上亢，心腎不交，水火不濟，而見心煩不得眠",
      "symptoms": ["心中煩不得臥", "咽乾", "咽痛", "下利口渴", "舌質絳", "脈細數"],
      "treatment": "滋陰清熱降火",
      "formula": "黃連阿膠湯（《傷寒論》）"
    }
  },
  "compound_patterns": [
    {
      "id": "shao_yin_jian_biao",
      "name": "少陰兼表證",
      "pathogenesis": "少陰證兼有表證",
      "symptoms": ["應惡寒而反發熱", "脈沉"],
      "treatment": "溫經發汗，表里雙解",
      "formula": "麻黃附子細辛湯",
      "formula_source": "《傷寒論》"
    },
    {
      "id": "shao_yin_yang_xu_jian_yang_ming",
      "name": "少陰陽虛兼陽明腑實（真陰將竭）",
      "pathogenesis": "少陰陽虛兼陽明腑實，真陰將竭",
      "symptoms": ["口燥咽乾", "便結不通", "熱結旁流", "自利清水"],
      "treatment": "急下存陰",
      "formula": "大承氣湯",
      "formula_source": "《傷寒論》"
    },
    {
      "id": "gan_wei_bu_he_jue",
      "name": "肝胃不和，陽氣內鬱致厥",
      "pathogenesis": "肝胃不和，陽氣內鬱",
      "symptoms": ["手足逆冷", "咳", "悸", "小便不利", "泄利下重"],
      "treatment": "疏肝和胃，透達鬱陽",
      "formula": "四逆散",
      "formula_source": "《傷寒論》"
    },
    {
      "id": "shao_yin_yan_tong_xu_huo",
      "name": "少陰咽痛證（虛火上炎）",
      "pathogenesis": "虛火上炎",
      "symptoms": ["心煩", "胸滿", "下利", "咽痛"],
      "treatment": "滋腎潤肺補脾",
      "formula": "豬膚湯",
      "formula_source": "《傷寒論》"
    },
    {
      "id": "shao_yin_yan_tong_ke_re",
      "name": "少陰咽痛證（客熱於上）",
      "pathogenesis": "客熱於上",
      "symptoms": ["咽痛不甚", "局部輕度紅腫"],
      "treatment": "清熱利咽",
      "formula": "甘草湯、桔梗湯",
      "formula_source": "《傷寒論》"
    },
    {
      "id": "shao_yin_yan_tong_xie_re",
      "name": "少陰咽痛證（邪熱內鬱）",
      "pathogenesis": "邪熱內鬱",
      "symptoms": ["咽傷生瘡", "不能語言", "聲不出"],
      "treatment": "清熱滌痰，斂瘡消腫",
      "formula": "苦酒湯",
      "formula_source": "《傷寒論》"
    },
    {
      "id": "shao_yin_yan_tong_ke_han",
      "name": "少陰咽痛證（客寒上犯）",
      "pathogenesis": "客寒上犯",
      "symptoms": ["咽痛較甚", "咳吐不利"],
      "treatment": "散寒通咽，滌痰開結",
      "formula": "半夏散及湯",
      "formula_source": "《傷寒論》"
    }
  ],
  "treatment_contraindications": [
    "少陰病屬虛證，治療上一般禁用汗下法",
    "少陰病變複雜多樣，變化繁多，臨床辨證時須仔細參合、審證"
  ],
  "differentiation": [
    {
      "compare_with": "tai_yin_zheng",
      "compare_name": "太陰證",
      "similarities": ["均屬三陰證", "病位同在于里", "多為虛證、寒證", "均可見下利清谷、時腹痛、舌淡苔白、脈沉弱"],
      "comparison_table": [
        { "aspect": "病位", "this_pattern": "心腎虛衰", "other_pattern": "脾臟受損" },
        { "aspect": "病機", "this_pattern": "心腎兩虛，氣血不行，陰寒內盛", "other_pattern": "脾弱不運，運化失司" },
        { "aspect": "嘔吐", "this_pattern": "欲吐不吐", "other_pattern": "腹滿而吐" },
        { "aspect": "神志", "this_pattern": "心煩但欲寐", "other_pattern": "—" },
        { "aspect": "下利", "this_pattern": "自利而渴", "other_pattern": "自下利" },
        { "aspect": "口渴", "this_pattern": "口渴（腎陽虛不能蒸化津液上達）", "other_pattern": "口不渴" },
        { "aspect": "小便", "this_pattern": "小便白", "other_pattern": "—" },
        { "aspect": "四肢", "this_pattern": "手足逆冷（陽虛較甚）", "other_pattern": "手足自溫（陽虛程度較輕）" }
      ],
      "key_points": [
        "下利後口渴與不渴：太陰病多從寒濕化生，寒濕瀰漫故口不渴；少陰證下利，腎陽虛不能蒸化津液上達，故多口渴",
        "手足是否溫和：太陰病陽虛程度較輕，可見手足溫和；少陰病陽虛較甚，故大多手足厥冷",
        "從太陰證發展至少陰陽虛下利，說明病邪入里更深，病情更加危重"
      ]
    },
    {
      "compare_with": "jue_yin_zheng",
      "compare_name": "厥陰證",
      "similarities": ["均可出現手足厥冷、脈微細等表現"],
      "comparison_table": [
        { "aspect": "病機", "this_pattern": "心腎陽虛，陰寒內盛，陽氣衰微", "other_pattern": "陰之末，陽之始；上熱下寒，寒熱錯雜，水谷不運" },
        { "aspect": "主證", "this_pattern": "一派虛寒為主證", "other_pattern": "寒熱錯雜" },
        { "aspect": "兼證", "this_pattern": "腹痛、下利清谷", "other_pattern": "四肢冷、乾嘔、吐涎沫" },
        { "aspect": "治法", "this_pattern": "回陽救逆", "other_pattern": "溫清並用" },
        { "aspect": "方劑", "this_pattern": "四逆湯加減", "other_pattern": "烏梅丸、當歸四逆湯等" },
        { "aspect": "病程", "this_pattern": "多見於外感病之危重階段", "other_pattern": "—" }
      ],
      "key_points": ["少陰證一派虛寒，厥陰證寒熱錯雜", "治法不同：少陰回陽救逆，厥陰溫清並用"]
    }
  ],
  "treatment_principle": ["寒化證：回陽救逆", "熱化證：滋陰清熱"],
  "formulas": [
    {
      "id": "sini_tang",
      "name": "四逆湯",
      "source": "《傷寒論》",
      "function": "回陽救逆",
      "indication": "寒化證主方"
    },
    {
      "id": "zhenwu_tang",
      "name": "真武湯",
      "source": "《傷寒論》",
      "function": "溫腎行水",
      "indication": "水腫病"
    },
    {
      "id": "tongmai_sini_tang",
      "name": "通脈四逆湯",
      "source": "《傷寒論》",
      "function": "破陰回陽，通達內外",
      "indication": "陰盛格陽證"
    },
    {
      "id": "baitong_tang",
      "name": "白通湯",
      "source": "《傷寒論》",
      "function": "破陰回陽，宣通上下",
      "indication": "陰盛戴陽證"
    },
    {
      "id": "fuzi_tang",
      "name": "附子湯",
      "source": "《傷寒論》",
      "function": "溫經散寒除濕",
      "indication": "痺病"
    },
    {
      "id": "wuzhuyu_tang",
      "name": "吳茱萸湯",
      "source": "《傷寒論》",
      "function": "溫降肝胃，泄濁通陽",
      "indication": "吐利煩躁證"
    },
    {
      "id": "taohua_tang",
      "name": "桃花湯",
      "source": "《傷寒論》",
      "function": "溫澀固脫",
      "indication": "下焦虛寒證"
    },
    {
      "id": "huanglian_ejiao_tang",
      "name": "黃連阿膠湯",
      "source": "《傷寒論》",
      "function": "滋陰清熱降火",
      "indication": "熱化證，失眠病"
    },
    {
      "id": "zhuling_tang",
      "name": "豬苓湯",
      "source": "《傷寒論》",
      "function": "清熱滋陰利水",
      "indication": "熱化證，失眠而煩，且下利、咳而嘔渴者"
    },
    {
      "id": "mahuang_fuzi_xixin_tang",
      "name": "麻黃附子細辛湯",
      "source": "《傷寒論》",
      "function": "溫經發汗，表里雙解",
      "indication": "少陰兼表證"
    },
    {
      "id": "mahuang_fuzi_gancao_tang",
      "name": "麻黃附子甘草湯",
      "source": "《傷寒論》",
      "function": "溫經發汗",
      "indication": "少陰兼表證，病勢稍緩，正氣較虛"
    },
    {
      "id": "da_chengqi_tang",
      "name": "大承氣湯",
      "source": "《傷寒論》",
      "function": "急下存陰",
      "indication": "少陰陽虛兼陽明腑實"
    },
    {
      "id": "sini_san",
      "name": "四逆散",
      "source": "《傷寒論》",
      "function": "疏肝和胃，透達鬱陽",
      "indication": "肝胃不和，陽氣內鬱致厥"
    },
    {
      "id": "zhufu_tang",
      "name": "豬膚湯",
      "source": "《傷寒論》",
      "function": "滋腎潤肺補脾",
      "indication": "少陰咽痛證（虛火上炎）"
    },
    {
      "id": "gancao_tang",
      "name": "甘草湯",
      "source": "《傷寒論》",
      "function": "清熱利咽",
      "indication": "少陰咽痛證（客熱於上）"
    },
    {
      "id": "jiegeng_tang",
      "name": "桔梗湯",
      "source": "《傷寒論》",
      "function": "清熱利咽",
      "indication": "少陰咽痛證（客熱於上）"
    },
    {
      "id": "kujiu_tang",
      "name": "苦酒湯",
      "source": "《傷寒論》",
      "function": "清熱滌痰，斂瘡消腫",
      "indication": "少陰咽痛證（邪熱內鬱）"
    },
    {
      "id": "banxia_san_ji_tang",
      "name": "半夏散及湯",
      "source": "《傷寒論》",
      "function": "散寒通咽，滌痰開結",
      "indication": "少陰咽痛證（客寒上犯）"
    }
  ],
  "recommended_formulas": ["sini_tang", "zhenwu_tang", "tongmai_sini_tang", "baitong_tang", "fuzi_tang", "huanglian_ejiao_tang", "zhuling_tang", "mahuang_fuzi_xixin_tang"],
  "related_patterns": ["tai_yin_zheng", "jue_yin_zheng", "xin_shen_yang_xu_zheng", "shen_yin_xu_zheng"],
  "evolved_from": ["tai_yang_zheng", "yang_ming_zheng", "tai_yin_zheng"],
  "can_evolve_to": ["jue_yin_zheng"],
  "literature": [
    {
      "source": "《傷寒論》",
      "quote": "少陰病，欲吐不吐，心煩但欲寐，五六日，自利而渴者，屬少陰也，虛故引水自救；若小便色白者，少陰病形悉具，小便白者，以下焦虛有寒，不能制水，故令色白也。"
    },
    {
      "source": "《醫宗金鑑·訂正仲景全書》",
      "quote": "少陰腎經，陰盛之臟也。少陰受邪，則陽氣微，故脈微細也。衛氣行陽則寤，行陰則寐，少陰受邪，則陰盛行陰者多，故但欲寐。此少陰病之提綱，後凡稱少陰病者，皆指此脈證而言也。"
    },
    {
      "source": "《新增傷寒論集注·少陰前篇》",
      "quote": "外邪挾水而動，陽熱變為陰寒則陰盛，故但欲寐。外邪挾火而動，其候俱從熱化則陽盛，故必躁不得臥。"
    },
    {
      "source": "《傷寒論淺注補正·辨少陰病脈證篇》",
      "quote": "微是腎之精氣虛，細是心之血虛，脈管是血之道路，血少則脈細，微屬氣分，氣旺則鼓動而不微。又曰：血屬心所生而流行於脈中，心病則陰血少而脈細，氣屬腎所生而發出則為衛陽，衛陽出則醒，入則寐，所以有晝夜也，今腎氣病則困於內，而衛陽不出，故但欲寐。"
    }
  ],
  "references": ["《中醫證候鑑別診斷學》"],
  "common_in": ["外感病後期", "危重階段"]
}
