{
  "id": "tai_yang",
  "name": "太陽證",
  "category": "六經辨證",
  "index": 28,
  "zhengsu_composition": {
    "location": [
      "taiyang"
    ],
    "nature": []
  },
  "severity": 2,
  "symptoms": {
    "primary": [
      "頭項強痛",
      "惡寒"
    ],
    "secondary": [],
    "tongue": "",
    "pulse": "脈浮"
  },
  "clinical_manifestations": "頭項強痛,惡寒,脈浮。",
  "pathogenesis": "",
  "common_diseases": [],
  "differential_patterns": [
    "“少陽證”",
    "“陽明證”",
    "“溫病衛分證”"
  ],
  "self_analysis": "太陽主表,為人體最外一層,統攝營衛,營行脈中,衛行脈外,營衛相和,皮毛乃固。且太陽經脈上額交巔,絡腦下項,挾脊抵腰,總括頭頂至背及全身肌表,故曰太陽主一身之表,為六經之藩籬。若外邪侵襲,經脈受邪,氣血運行受阻,不通則痛故見頭項強痛;正氣抗邪於外,氣血疾行,脈道充盈鼓動而見脈浮;正氣為邪所傷,不能溫分肉充皮膚,而見惡寒,三症俱見方為太陽證。本證為外感病之初起,病邪侵入尚淺。太陽證根據其受邪先後及傳變不同,其臨床表現也不相同。太陽中風系寒邪外侵,衛陽束表,營衛不和,衛強營弱,其臨床特點為發熱汗出,惡風,脈浮緩,治宜解肌祛風,調和營衛,方用桂枝湯(《傷寒論》)。太陽傷寒系衛陽被遏,營陰凝滯,其臨床特點為惡寒,體痛,嘔逆,脈浮緊,治宜辛溫發汗,宣肺平喘,方用麻黃湯(《傷寒論》)。太陽蓄水證外邪侵及膀胱,陽氣不煦,氣不能化水,水蓄不行,其臨床特點為發熱汗出,煩渴,煩躁不得眠,渴欲飲水,水入則吐,小便不利,脈浮數等,治宜化氣行水,兼以解表,方用五苓散(《傷寒論》)。太陽蓄血證邪熱積於下焦,與血搏結於膀胱,其臨床特點見少腹急結,其人如狂,小便自利,身黃、脈沉結等,治宜逐瘀泄熱,方用桃核承氣湯(《傷寒論》)。",
  "differential_analysis": "",
  "literature": "《傷寒論·辨太陽病脈證並治上》:“太陽之為病,脈浮,頭項強痛而惡寒。”\n《傷寒論條辨·辨太陽病脈證並治上》:“太陽者,……乃六經之首,主皮膚而統營衛,所以為受病之始也。《難經》曰:浮脈在肉上行也。滑氏曰:脈在肉上行,主表也。表即皮膚,榮衛麗焉。故脈見尺寸俱浮,知為病在太陽之診也。項,頸後也。強痛者,皮膚榮衛一有感受,經絡隨感而應,邪正爭擾也。惡寒者,該風而言也。風寒初襲表而鬱於表,故不勝。復被風寒外遷而畏惡之。及其過表而入里,則不復惡。仇雠之義也。”\n《傷寒來蘇集·傷寒論注·太陽脈證》:“仲景作論大法,六經各立病機一條,提揭一經綱領,必擇本經至當之脈證而表彰之。六經雖各有表證,惟太陽主表,故表證表脈,獨太陽得其全,如脈浮為在表,太陽像三陽,其脈氣浮而有力,與陽明之兼長大,少陽兼弦細,三陰之微浮者不侔矣。頭項主一身之表,太陽經絡營於頭,會於項,故頭連項而強痛,與陽明頭額痛,少陽頭角痛者少間矣。惡寒為病在表,六經雖各惡寒,而太陽應寒水之化,故惡寒特甚,與陽明二日自止,少陽往來寒熱,三陰之內惡寒者,懸殊矣。後凡言太陽病者,必據此條脈症。如脈反沉,頭不痛,項不強,不惡寒,是太陽之變局矣。仲景立六經總綱法,與《內經·熱論》不同,太陽只重在表證表脈,不重在經絡主病。看諸總綱,各立門戶,其意可知。”\n《傷寒貫珠集·太陽篇下》:“溫病者,冬春之月,溫暖太甚,所謂非節之暖,人感之而即病者也。此正是傷寒對照處。傷寒變乃成熱,故必傳經而後渴。溫邪不待傳變,故在太陽而即渴也。傷寒陽為寒鬱,故身發熱而惡寒;溫病陽為邪引,故發熱而不惡寒也。然其脈浮,身熱頭痛,則與傷寒相似,所以謂之傷寒類病云。”\n《醫宗金鑑·訂正仲景全書》:“太陽病不解,不傳陽明,邪熱隨經入里,謂之犯本,犯本者,謂犯膀胱之府也。膀胱府之衛為氣分,膀胱府之榮為血分,熱入而犯氣分,氣化不行,熱與水結者,謂之犯衛分之里,五苓散證也;熱入而犯血分,血蓄不行,熱與血結者,謂之犯榮分之里,桃核承氣湯證也。二者雖皆為犯本之證,二方雖皆治犯本之藥,而一從前利,一從後攻,水與血,主治各不同也。”"
}