{
  "id": "tan",
  "name": "痰證",
  "category": "基礎證候",
  "index": 26,
  "zhengsu_composition": {
    "location": [],
    "nature": [
      "tan"
    ]
  },
  "severity": 1,
  "symptoms": {
    "primary": [
      "喘咳咯痰",
      "胸悶心悸",
      "神昏痴呆",
      "或癲狂"
    ],
    "secondary": [
      "噁心嘔吐",
      "胃脘痞滿",
      "瘰癧痰核",
      "肢體麻木",
      "眩暈頭痛",
      "咽中如有物梗阻",
      "吞之不下",
      "吐之不出",
      "苔膩",
      "或弦"
    ],
    "tongue": "",
    "pulse": "脈滑"
  },
  "clinical_manifestations": "喘咳咯痰,胸悶心悸,神昏痴呆,或癲狂,噁心嘔吐,胃脘痞滿,瘰癧痰核,肢體麻木,眩暈頭痛,咽中如有物梗阻,吞之不下,吐之不出,苔膩,脈滑或弦。",
  "pathogenesis": "痰的生成原因不同",
  "common_diseases": [
    "“咳嗽”",
    "“哮病”",
    "“喘病”",
    "“胸痺”",
    "“厥證”",
    "“鬱證”",
    "“癲狂”",
    "“癇病”",
    "“嘔吐”",
    "“積聚”",
    "“頭痛”",
    "“眩暈”",
    "“中風”",
    "“痿病”"
  ],
  "differential_patterns": [
    "“血瘀證”",
    "“濕證”",
    "“水飲內停證”"
  ],
  "self_analysis": "本證多因痰邪侵犯人體,或在筋骨皮肉,或在臟腑經脈,病位不同臨床表現各異。如飲食不節或脾失健運,痰濁內生,上干於肺,壅遏肺氣,肺失宣肅而發咳嗽,症見咳嗽反覆發作,咳聲重濁,痰多而粘稠,每於清晨或食後咳甚,進甘甜油膩食物加重,胸悶脘痞,嘔惡,體倦,苔白膩,脈象濡滑,治宜健脾燥濕,化痰止咳,方用二陳湯(《和劑局方》)合用三子養親湯(《韓氏醫通》)。如肺脾腎失調,津液凝聚成痰,伏藏於肺,成為“宿根”,伏痰遇感引觸,痰隨氣升,氣因痰阻,相互搏結,壅塞氣道,肺氣直降失常,引動停積之痰,而發為哮病,哮病又分寒、熱兩類,寒哮病見呼吸急促,喉中哮鳴有聲,面色晦滯帶青,口不渴,天冷或受寒易發,形寒怕冷,舌苔白滑,脈弦緊或浮緊,治宜溫肺散寒,化痰平喘,方用射干麻黄汤(《金匱要略》);熱哮症見氣粗息湧,喉中痰鳴如吼,胸高脅脹,咯痰色黃粘稠,汗出面赤,口苦口乾,舌質紅,苔黃膩,脈滑數或弦滑,治宜清熱宣肺,化痰定喘,方用定喘湯(《攝生眾妙方》)。同時,脾失健運,痰濁內生,上干於肺,壅阻肺氣,升降不利,又發為喘病,症見喘而胸滿悶窒,甚則胸憋仰息,咳嗽痰多,粘膩色白,咯吐不利,嘔惡,納呆,苔厚膩色白,脈滑,治宜化痰降氣,方用與哮病相同。若痰濁壅滯胸陽,阻於脈絡,則氣滯血瘀,胸陽失展,而成胸痺,症見胸悶如室而痛,或痛引肩背,氣短喘促,肢體沉重,形體肥胖,痰多,苔濁膩,脈滑,治宜通陽泄濁,豁痰開結,方用瓜蔞薤白半夏湯(《金匱要略》)。若痰濁內阻氣機不利,復因惱怒氣逆,痰隨氣升,上閉清竅,則突發為厥證,症見突然昏厥,喉有痰聲,或嘔吐涎沫,呼吸氣粗,苔白膩,脈沉滑,治宜行氣豁痰,方用導痰湯(《濟生方》)。若肝鬱乘脾,脾運不健,生濕聚痰,痰氣鬱結於胸膈之上,則發為梅核氣,症見咽中不適,如有物梗阻,咯之不出,咽之不下,胸中窒悶,或見脅痛,苔白膩,脈弦滑,治宜化痰理氣解鬱,方用半夏厚朴湯(《金匱要略》)。若臟腑失調,痰濁阻滯,氣機逆亂,風陽內動,而出現發作性神志異常的癇病,症見突然跌倒,神志不清,抽搐吐涎,發作前常伴眩暈,胸悶,乏力,苔白膩,脈多弦滑,治宜滌痰熄風,開竅定痛,方用定癇丸(《醫學心悟》)。如脾不運化,痰飲內停,胃失和降,胃氣上逆,而發嘔吐,症見嘔吐多為清水痰涎,脘悶不適,頭暈心悸,苔白膩,脈滑,治宜溫化痰飲,和胃降逆,方用小半夏湯(《金匱要略》)合用苓桂朮甘湯(《金匱要略》)加減。若飲食不節,損傷脾胃,脾失健運,濕濁凝聚成痰,痰阻氣機,血行不暢,脈絡壅塞,痰濁與氣血相搏結,乃成積聚,症見腹脹或痛,時有條狀物聚起在腹部,重按則脹痛甚,舌苔膩,脈弦滑,治宜燥濕化痰,健脾消導,方用平胃散(《太平惠民和劑局方》)加山楂、六曲。如脾失健運,痰濁中阻,上蒙清竅,清陽不展,故發為頭痛、眩暈,症見頭痛昏蒙,或眩暈,胸脘痞悶,嘔惡痰涎,苔白膩,脈弦滑,治宜化痰降逆,方用半夏白朮天麻湯(《醫學心悟》)。若臟腑陰陽失調,平素氣血虧虛,陰虧於下,肝陽暴張,陽化風動,血隨氣逆,挾痰挾火橫竄經隧,蒙閉清竅,而成中風之病,詳見“風證篇 本證辨析”。若情志內傷,飲食及水土失宜,而致氣機鬱滯,痰濁壅阻於頸部,則發瘿病,症見頸前正中腫大,質軟不痛,頸部覺脹,胸悶,喜太息,病情波動與情志有關,苔薄白,脈弦,治宜理氣舒鬱,化痰消瘿,方用四海舒鬱丸(《瘍醫大全》)。\n痰的產生,多由外感六淫,或飲食及情志內傷等致病因素,使臟腑氣化功能失常,水液代謝障礙,以致水津停滯而成,其中與肺、脾、腎三臟的關係密切。肺主治節,外邪襲肺,肺失宣肅,肺津可凝聚成痰;脾主運化,外感濕邪,或飲食不節,或思慮勞倦,脾胃受傷,運化無權,水濕內停凝聚為痰;腎司開闔,腎陽不足,開闔不利,水濕上泛,聚而為痰,命門火衰,不能溫運脾陽,水谷不化精微,亦可生濕成痰,腎陰虧耗,虛火內熾,以致灼津為痰。此外,情志不遂,肝氣鬱結,氣鬱化火,也可煎熬津液而為痰,痰鬱互結,而為鬱痰。其中,“脾為生痰之源,肺為貯痰之器”在臨床上不可忽視。\n痰之為病,部位廣泛,無處不到,隨氣機升降流行,內而臟腑,流竄經絡,外達筋骨皮肉,變生諸證,故有“百病多由痰作祟”之說。就其病機部位而論,痰證有痰流經絡,痰伏筋骨,痰在皮里膜外,痰濁壅肺,痰迷心竅,痰停於胃,痰蒙清竅,以及鶴膝痰、穿拐痰、龜背痰等。痰滯在肺,可見喘咳咯痰;痰阻於心,心血不暢,可見胸悶心悸;痰迷心竅,則見神昏痴呆;痰火擾心,則發為癲狂;痰停於胃,胃失和降,可見噁心嘔吐,胃脘痞滿;痰在經絡筋骨,則可致瘰癧痰核,肢體麻木,或半身不遂,或陰疽流注等;痰濁上犯清空,可發為頭痛,眩暈;痰氣凝於咽喉,則出現咽中有物,吞之不下,吐之不出之“梅核氣”。此外,不少疑難怪症,辨證論治也常與痰有關,有“怪病多痰”之說。\n痰既是病理產物,反之又是致病因素。因病而生痰的,有風痰、熱痰、寒痰、燥痰、濕痰等,因痰而致病的,有“痰飲”、“痰火”、“痰包”、“痰核”、“痰瘧”、“顽痰”、“宿痰”、“伏痰”等。痰證在性質上有寒、熱、燥、濕、風等之別,故其致病病機及轉歸也有所不同。如痰涎內壅,肝陽化風,則發為風痰;痰熱互結,則為熱痰;痰、寒互凝,則成寒痰;痰兼有濕阻者為濕痰;痰阻津液而致津液不足者為燥痰;痰滯經脈,血行不暢,則痰瘀互結;痰鬱日久化火,則成痰火。另外,痰飲水濕同出一源,痰還可以轉化成水飲、水濕等其它病變。",
  "differential_analysis": "血瘀證和痰證 二證都是特殊病理產物直接或間接作用於臟腑組織,變證百出的病證,其在病因病機、臨床表現等方面各具有不同特點。就病因病機言,血瘀證多由於氣虛、氣滯、血寒、血熱等原因,使血行不暢而凝滯,或由於內外傷、氣虛失攝,或血熱妄行等原因造成血離經脈,積存於體內而致;痰證則多因邪熱煎熬津液而成,或脾肺功能失調,水液凝聚而生,並可與風、寒、濕、燥、熱等邪相兼挾為患。就臨床表現特點言,血瘀證主要以痛如針刺,痛有定處,拒按,腫塊,唇舌爪甲紫暗,脈澀等為辨證要點;而痰證則因痰邪隨氣機升降流行,無處不到,內而臟腑,外至筋骨皮肉,從而臨床表現繁多。以上述為辨,二證不難鑑別。\n濕證與痰證 兩證均屬陰邪為患。痰飲水濕同出一源,俱為津液不歸正化,停積而成。分別言之,源雖同而流則異,病變各有不同特點。二證的鑑別要點如下:一、從病理形質言,痰多厚濁,濕性粘滯。二、從病機言,因痰邪無處不到,故痰證發病變化多端,又可與風、寒、濕、燥、熱等邪相互為患,有形、無形之痰可滋生百病;濕則易聚於身半以下,或阻於中焦,或蒙於清空,故濕證多見三焦濕蘊、氣機不暢之候。三、從病理屬性言,痰證多因邪熱煎熬,從陽化而成;濕為陰邪,但無定體,可隨五氣從化相兼為病。四、痰濕源出一體,在一定條件下二證又可相互轉化或相兼挾。如《醫階辨證》說:“痰因濕而生”,另還有“濕熱生痰”之說。五、從臟腑病機言,因“脾為生痰之源,肺為貯痰之器”,故痰證與肺脾關係密切,痰又可隨肝風而動,又可上蒙心竅;濕邪則與肺、脾、腎關係密切,脾虛濕盛之病機尤為關鍵。\n水飲內停證與痰證 二者均為脾陽不振,水谷精微無以運化,而造成飲停痰聚之候,且都可見咳吐痰涎之症狀。但二證在病因病機及臨床表現上均有不同之處,其鑑別要點如下:一、從病理形質言,水液從陰而化為飲,即“飲為陰邪”,故水飲為清稀淡薄之液;水液從陽化而為痰,即“濕熱生痰”,故痰為粘稠重濁之質。二、從病機而言,水飲內停證為水飲停於胃腸、胁下、四肢、胸肺等局鬱為患,症狀隨停積部位而異;痰證則為全身性的表現,不論臟腑經絡,還是皮里膜外,無處不到,無證不見。三、二證雖均可見咳吐痰涎,但痰證尚有“無形之痰”的臨床表現,另痰可兼挾其它邪氣,而有風痰、寒痰、熱痰、濕痰、燥痰、痰瘀之別。故二證以此為鑑別。",
  "literature": "《丹溪心法·頭眩》:“頭眩,痰挾氣虛並火,治痰為主,挾補氣藥及降火藥。無痰則不作眩,痰因火動,又有濕痰者,有火痰者。”\n《證治匯補·飲證》:“飲者,蓄水之名,自外而入;痰者,腸胃之液,自內而生。其初各別,其後同歸,故積飲不散,亦能變痰,是飲為痰之漸,痰為飲之化。若其外出,則飲形清稀,痰形稠濁,又不同也。”"
}