{
  "id": "han",
  "number": 21,
  "name": "寒證",
  "category": "基礎證候",
  "overview": "寒證是指感受外界寒邪,或機體陽氣虛衰,溫煦氣化功能減退,而出現陰寒之邪瀰漫的證候。寒證有外寒、內寒之分。外寒之邪為六淫之一,屬陰邪,易傷陽氣,性主凝滯與收引,多由於寒邪外束,與衛氣相搏,陽氣不得宣洩,或寒氣入侵,阻滯氣血活動,而出現惡寒發熱,無汗,頭身痛,骨節疼痛或腹痛泄瀉等症狀。外寒致病又有傷寒、中寒之別。內寒是指機體臟腑功能減退,陽虛氣弱,失卻溫煦,並引起水液運化障礙,濁陰瀦留,從而出現吐瀉,腹痛,手足逆冷,畏寒,冷汗出,脈沉遲微弱等臨床表現的概稱。\n主要臨床表現為:惡寒發熱,無汗,頭痛、身痛,喘咳,苔薄白,脈浮緊;畏寒肢冷,面色蒼白,嘔吐清水,下利清谷,腹痛腸鳴,倦怠喜臥,筋脈拘急,局部冷痛,舌淡苔白,脈沉或沉弱無力,或脈微欲絕等。\n寒證常見於“感冒”、“咳嗽”、“哮病”、“喘病”、“痰飲”、“胸痺”、“胃痛”、“嘔吐”、“泄瀉”、“腹痛”、“腰痛”、“痺病”等疾病中。\n本證應與“血瘀證”、“陽虛證”等相鑑別。",
  "clinical_manifestations": "惡寒發熱,無汗,頭痛、身痛,喘咳,苔薄白,脈浮緊;畏寒肢冷,面色蒼白,嘔吐清水,下利清谷,腹痛腸鳴,倦怠喜臥,筋脈拘急,局部冷痛,舌淡苔白,脈沉或沉弱無力,或脈微欲絕等",
  "common_diseases": [],
  "differential_syndromes": [],
  "differential": {
    "self_analysis": "寒之為病,可分為外寒和內寒兩類。外寒致病又有傷寒、中寒之別,寒邪傷於肌表者,稱為傷寒;寒邪直中臟腑者,稱為中寒。內寒則是機體陽氣(脾腎之陽)不足,寒從中生,則出現畏寒肢冷,嘔吐清涎,下利清谷,倦怠喜臥等陽氣虛衰症狀。因寒性收引凝滯,故寒證臨床易出現筋脈拘攣,氣血阻滯而疼痛的症狀。寒證在不同疾病中臨床特點又不盡相同。在感冒、咳嗽、哮病、喘病等疾病中見寒證,乃多為風寒之邪侵襲肺衛,內則壅遏肺氣,外則鬱閉皮毛,肺衛為邪所傷,肺氣不得宣肅所致。感冒、咳嗽證治詳見“風證篇 本證辨析”。哮證發作期之寒哮,乃由寒痰伏肺,觸感而發,症見呼吸急促,喉中哮鳴有聲,胸膈滿悶如塞,面色晦滯帶青,天冷受寒易發,形寒怕冷,舌苔白滑,脈弦緊或浮緊,治宜溫肺散寒,化痰平喘,方用射干麻黃湯(《金匱要略》);另在其緩解期有脾腎陽虛之虛寒哮病,症見平素短氣息促,動則為甚,食少便溏,倦怠汗出,腰膝痠軟,胃寒肢冷,面色蒼白,舌淡胖嫩,苔白,脈沉細,治宜補腎助陽,健脾攝納,方用金匱腎氣丸(《金匱要略》)合用六君子湯(《醫學正傳》)加補骨脂、仙靈脾、鹿角片。喘病與哮病有類似之處,也有外寒、內寒之分,證治類同。寒證見於痰飲之病,總屬陽虛陰盛,體內水液輸化失調,停積為患。若脾陽虛弱,飲留胃腸乃為痰飲,症見胸脅撐滿,心下痞滿,胃中有振水音,脘腹喜溫畏冷,背寒,嘔吐清水痰涎,水入易吐,口渴不欲飲,心悸氣短,食少便溏,舌苔白滑,脈弦細而滑,治宜溫脾化飲,方用苓桂朮甘湯(《金匱要略》)合用小半夏加茯苓湯(《金匱要略》);若外感風寒,肺脾輸布失職,水飲流溢四肢肌膚,乃為溢飲,症見身體痠痛沉重,甚則肢體浮腫,惡寒無汗,口不渴,舌苔白,脈弦緊,治宜發表化飲,方用小青龍湯(《傷寒論》);若感寒傷肺,肺氣不能布津,陽虛不運,則飲邪留伏於肺,支撐胸膈,上逆迫肺,乃為支飲,症見咳逆喘滿不得臥,痰吐白沫量多,經久不愈,遇寒即發,伴寒熱,腰背痛,苔白滑膩,脈弦緊,甚則喘促,動則加重,氣短胸悶,怯寒肢冷,神疲,小腹拘急不仁,不便不利,足跗浮腫,舌苔白潤或灰膩,舌質胖大,脈沉細兼滑,治宜溫化水飲,方用小青龍湯(《傷寒論》)、金匱腎氣丸(《金匱要略》)、苓桂朮甘湯(《金匱要略》)。寒證見於胸痺,多為素體陽衰,胸陽不足,陰寒之邪乘虛侵襲,寒凝氣滯,痺阻胸陽,甚則陽氣虛衰,而成胸痺,症見胸痛徹背,感寒痛甚,胸悶氣短,心悸,重則喘息,不能平臥,面色蒼白,四肢厥冷,舌苔白,脈沉細,甚或畏寒肢冷,腰痠乏力,唇甲淡白或青紫,舌淡白或紫暗,脈沉微欲絕,治宜溫通心陽,開痺散寒,或益氣溫陽,回陽救逆,方用栝蔞薤白白酒湯(《金匱要略》)加枳實、桂枝、附子、丹參、檀香,或參附湯(《婦人良方》)合用右歸飲(《景岳全書》)。胃痛如見寒證,乃由外感寒邪,內客於胃,胃氣不和而痛,或由過服寒涼藥物導致脾胃虛寒而痛,寒邪客胃者,症見胃痛暴作,惡寒喜暖,脘腹得溫痛減,遇寒則痛增,喜熱飲,苔薄白,脈弦緊,治宜散寒止痛,方用良附丸(《良方集腋》);脾胃虛寒者,症見胃痛隱隱,喜溫喜按,空腹痛甚,得食痛減,泛吐清水,納差,神疲乏力,手足不溫,便溏,舌淡苔白,脈虛弱或遲緩,治宜溫中健脾,方用黃芪建中湯(《金匱要略》),或用大建中湯(《金匱要略》),或用理中丸(《傷寒論》)。嘔吐中如見寒證,可由外受風寒之邪,侵犯胃腑,以致胃失和降,氣逆於上而發,也可為脾胃虛寒,中陽不振,胃虛失和,氣逆而上所致,外邪犯胃者,症見突然嘔吐,伴發熱惡寒,頭身疼痛,胸脘滿悶,苔白膩,脈濡緩,治宜疏邪解表,芳香化濁,方用藿香正氣散(《和劑局方》);脾胃虛寒者,症見飲食稍有不慎,即易嘔吐,時作時止,面色晄白,倦怠乏力,口乾不欲飲,四肢不溫,便溏,舌質淡,脈濡弱,治宜溫中健脾,和胃降逆,方用理中丸(《傷寒論》)加砂仁、半夏、陳皮。泄瀉中若見寒證,則由寒濕之邪侵襲腸胃,或過食生冷,致脾失健運,升降失調而發,也可由久病之後,損傷腎陽,或年老體衰,陽氣不足,脾失溫煦,運化失常而致泄瀉,寒濕瀉,症見泄瀉清稀,腹痛腸鳴,脘悶食少,或伴惡寒發熱,頭身疼痛,苔薄白或膩,脈濡緩,治宜解表散寒,芳香化濕,方用藿香正氣散(《和劑局方》);腎陽虛衰之泄瀉,症見泄瀉多在黎明之前,腹部作痛,腸鳴即泄,泄後則安,形寒肢冷,腰膝痠軟,舌淡苔白,脈沉細,治宜溫腎健脾,固澀止泄,方用四神丸(《證治準繩》)。腹痛中見寒證,乃為寒邪內阻,陽氣不運,氣血凝滯,或陽氣素虛,氣血不足,不能溫養臟腑而致腹痛,寒邪內阻者,症見腹痛急暴,得溫痛減,遇冷更甚,大便或溏,小便清利,舌苔白膩,脈象沉緊,治宜溫中散寒,方用良附丸(《良方集腋》)合用正氣天香散(《證治準繩》);中虛臟寒者,腹痛綿綿,時作時止,喜熱惡冷,痛時喜按,得食稍減,便溏,伴神疲,氣短,怯寒,舌淡苔白,脈沉細,治宜溫中補虛,和裡緩急,方用小建中湯(《傷寒論》),或用附子理中湯(《和劑局方》)。寒證見於頭痛,乃由風寒上犯,寒凝血滯,絡道被阻而發,證治詳見“風證篇 本證辨析”。寒證見於腰痛,乃由寒濕之邪,侵襲腰部,痺阻經絡而成,症見腰部冷痛重著,轉側不利,逐漸加重,遇陰雨天加重,苔白膩,脈沉而遲緩,治宜散寒行濕,溫經通絡,方用甘姜苓朮湯(《金匱要略》)加桂枝、牛膝、杜仲、桑寄生、續斷。寒證見於痺病乃為痛痺,由寒邪偏盛之風寒濕邪閉阻經絡、肌肉、關節,凝滯氣血所成,症見肢體關節疼痛較劇,痛有定處,得熱痛減,遇寒而甚,關節不可屈伸,局部皮色不紅,觸之不熱,苔薄白,脈弦緊,治宜溫經散寒,祛風除濕,方用烏頭湯(《金匱要略》)加乾薑、細辛、桂枝。\n由於病者年齡、性別及體質的不同,寒證的臨床表現有所不同。一般說來,外寒多見於壯年及素體不虛者,內寒則多見於老年陽氣漸衰者,或久病臟腑虛寒者,或失治誤治、過食寒涼藥物者。若婦女以寒邪為患,多見月經不調、痛經、閉經、胎動不安、產後身痛等病。另感受寒邪的輕重、時間及受邪的部位也與寒證的臨床表現密切相關。如寒邪輕而傷於肌表者,多為“傷寒”;寒邪重並直中於里,損傷臟腑者,則為“中寒”;寒邪凝滯日久,損傷臟腑陽氣,機體陽氣虛衰而產生內寒。寒邪外束,衛陽被鬱,肺失宜肅,則見惡寒發熱,頭身、關節疼痛,咳嗽喘息等症;寒邪侵於筋骨、肌肉、經脈等處,可見關節肌肉疼痛,拘急不利,腹痛,得溫痛減,遇寒加重;寒邪凝於胸中,損及胸陽,則見胸痛徹背,驚悸怔忡;寒邪阻於中焦,胃絡痺阻,脾陽虛弱,則生胃痛,遇寒加重,喜溫喜按,嘔吐清涎,下利清水,或便溏等;寒邪著於腰府,則見腰部冷痛重著,轉側不利,遇陰雨天加重;脾腎虛寒,陽不化氣,水液代謝失調,水溫泛濫三焦,則見面浮身腫,腰以下為甚,按之凹陷不起,或胸脅撐滿,心下痞悶,咳逆喘滿等。\n寒證之發展過程也多具有由實致虛、因虛致實,由表及里,由輕到重的病機特點。如外寒侵入人體,積久不散,損傷陽氣,而漸生內寒;陽虛內寒之體,則易招受外寒,並感受其它邪氣時也易趨於寒化。侵襲入體肌表、肌肉、經脈的寒邪,若久而不化,日漸入里,損傷臟腑陽氣,則臟腑虛寒,陽氣的損傷常由脾陽累及腎陽,最終脾腎陽虛,陽虛陰盛,又可致痰、飲、水、濕泛濫三焦,瘀血停滯經脈;另若寒邪鬱久化火,耗竭陰津,同時寒瘀互結而使陰液不生,最終可導致陰陽俱虛之證。此即寒證的由表及里、由輕到重的病變過程。",
    "type_comparison": "血瘀證與寒證 血瘀證與寒證中的血寒證都有血脈凝滯症狀,均可出現肢體麻木,皮膚不澤,手足涼,心腹痛等臨床表現。二者在病因病機上密切相關,但有一定區別。血瘀證是寒證中血寒凝滯經脈進一步發展的結果,症見疼痛如針刺,固定不移,積聚腫塊,舌有瘀斑,脈澀等;血寒凝滯經脈多由素體陽虛,寒邪客於血脈之中,氣血運行遲緩而致,遲緩之極則成瘀,故血寒是形成血瘀證的病因之一。寒證中血寒的臨床表現除有以上瘀血徵象外,還具有形寒肢冷,疼痛喜愛,得溫痛減等寒象,其與血瘀證的單純瘀血表現有所不同,故不難鑑別。\n陽虛證與寒證 陽虛證又稱虛寒證。陽虛則寒,是寒證之一端。此外寒證致病還包括有寒實證,其與陽虛證均有形寒肢冷,口淡不渴,面色晄白等寒的徵象。陽虛證多因先天稟賦不足,久病體虛或寒邪傷陽所致,臨床除具有上述寒象之外,並有倦怠乏力,少氣懶言,自汗等陽氣虛的見症;寒實證是由於寒邪過盛,侵犯人體,困遏陽氣所致,除具有寒象外,還可見腹痛拒按,大便秘結,舌苔白厚,脈弦緊有力等實證表現。二者一虛一實,不難鑑別。"
  },
  "literature": "《素問·舉痛論》：“寒氣客於脈外則脈寒,脈寒則縮蜷,縮蜷則脈绌急,绌急則外引小絡,故卒然而痛,得炅則痛立止;因重中於寒,則痛久矣。”\n《諸病源候論·腹痛病諸候》：“腹痛者,因腑臟虛,寒冷之氣,客於腸胃募原之間,結聚不散,正氣與邪氣立爭相擊故痛。”"
}