{
  "id": "huore",
  "number": 25,
  "name": "火熱證",
  "category": "基礎證候",
  "overview": "火熱證是指由於機體直接感受溫熱邪氣,或由體內臟腑陰陽氣血失調、陽氣亢盛,而導致的一類陽熱偏盛、機能亢進的證候。在病因中,前者為外感六淫之一,後者屬於邪從內生。內火多由情志抑鬱,勞欲過度,病邪鬱結日久,致使臟腑陰陽失調而成。《素問·調經論》所云:“陰虛生內熱,陽盛生外熱”,以及朱丹溪所說:“氣有餘便是火”指的就是內生之火。火熱都為陽盛所生,故火熱常混稱,熱為溫之漸,火為熱之極。熱多屬外淫,如風熱、暑熱、濕熱等類,而火常由內生,如心火上炎、肝火亢盛、膽火橫逆等病變。臨床上火熱可分為實火、虛火兩端。\n主要臨床表現為:高熱,惡熱,煩渴,躁狂,面紅耳赤,口舌糜爛,咽乾口苦,齒齦腫痛,大便秘結,小便短赤,舌紅,苔黃燥,脈數有力;或煩躁失眠,夢遺失精,五心煩熱,兩顴潮紅,低熱盗汗,咽乾目澀,頭暈耳鳴,咳嗽痰血,舌紅絳,苔少,脈細數或虛數等。\n火熱證常見於“咳嗽”、“肺癰”、“肺癆”、“汗證”、“血證”、“心悸”、“鬱證”、“癲狂”、“胃痛”、“呃逆”、“便秘”、“脅痛”、“頭痛”、“痙病”、“淋證”、“消渴”、“耳聾”、“耳鳴”、“痺病”、“內傷發熱”等病證中。\n本證應與“暑證”、“燥證”等相鑑別。",
  "clinical_manifestations": "高熱,惡熱,煩渴,躁狂,面紅耳赤,口舌糜爛,咽乾口苦,齒齦腫痛,大便秘結,小便短赤,舌紅,苔黃燥,脈數有力;或煩躁失眠,夢遺失精,五心煩熱,兩顴潮紅,低熱盗汗,咽乾目澀,頭暈耳鳴,咳嗽痰血,舌紅絳,苔少,脈細數或虛數等",
  "common_diseases": [],
  "differential_syndromes": [],
  "differential": {
    "self_analysis": "火熱證在病變過程中,可出現一系列機能亢進、陽熱偏盛的證候。由於火熱之邪侵襲人體的部位和自身虛實情況有異,故其在不同病證中,臨床表現也不盡相同。如肝氣鬱結化火,上逆犯肺,肺失肅降,而致咳嗽,症見上氣咳逆陣作,咳時面赤,咽乾,痰粘難以咯出,胸脅脹痛,咳時引痛,口乾苦,症狀隨情緒波動變化,舌苔薄黃少津,脈象弦數,治宜清肺平肝,順氣降火,方用瀉白散(《醫學發明》)合用黛蛤散(驗方)。若邪熱鬱肺,蒸液成痰,邪阻肺絡,血滯為瘀,痰熱與瘀血互結,蘊釀成癰,則為肺癰,症見身熱,時時振寒,汗出煩躁,咳嗽氣急,胸滿作痛,咯吐濁痰,口乾咽燥,苔黃膩,脈滑數,治宜清肺化瘀消癰,方用千金葦莖湯(《千金要方》)、如金解毒散(《景岳全書》)。如“癆蟲”襲肺,肺體受損,肺陰虧損,肺病及腎,肺腎陰傷,虛火內灼,而成陰虛火旺之肺癆,症見咳嗆氣急,痰少質粘,時時帶有血絲,骨蒸潮熱,五心煩熱,顴紅,盗汗,煩渴,失眠,形體日漸消瘦,舌質紅絳而乾,苔薄黃或剝,脈細數,治宜滋陰降火,方用百合固金丸(《醫方集解》)合用秦艽鱉甲散(《衛生寶鑑》)。如陰虛火旺,或邪熱鬱蒸,使津液外泄而致汗證,症見夜寐盗汗,五心煩熱,午後潮熱,顴紅,舌紅少苔,脈細數,或蒸蒸汗出,汗液粘而黃染衣物,面赤烘熱,煩躁口苦,小便色黃,舌苔薄黃,脈弦數,治宜滋陰降火,或清肝泄熱,化濕和營,方用當歸六黃湯(《蘭室秘藏》),或龍胆瀉肝湯(《蘭室秘藏》)。如火熱熏灼經脈,迫血妄行,則發為出血諸證,邪熱犯肺可見鼻衄、咳血;胃熱熾盛可見鼻衄、齒衄、吐血;肝火上炎可見鼻衄、咳血、吐血;陰虛火旺可見齒衄、咳血、尿血、紫斑;下焦熱盛可見便血、尿血;血熱妄行則見紫斑。其治療總以“治火”為原則:實火當清熱瀉火,虛火當滋陰降火,方藥應隨證而施。若腎陰不足,水不濟火,不能上濟於心,心火內動,擾動心神,故發為心悸,症見心悸不寧,心煩少寐,頭暈目眩,手足心熱,耳鳴腰痠,舌質紅,少苔或無苔,脈細數,治宜滋陰清火,養心安神,方用天王補心丹(《攝生秘剖》)合用朱砂安神丸(《醫學發明》)。如肝氣鬱結,日久化火,而見火鬱之證,症見性情急躁易怒,胸悶脅脹,嘈雜吞酸,口乾苦,大便秘結,目赤耳鳴,舌質紅,苔黃、脈弦數,治宜清肝瀉火,解鬱和胃,方常用丹栀逍遙散(《醫統》)合用左金丸(《丹溪心法》)。若氣鬱痰火,上擾神明,蒙閉清竅,而成狂證,症見病起急驟,先有性情急躁,頭痛失眠,兩目怒視,面紅目赤,突然狂亂無知,逾垣上屋,叫罵不避親疏,或毀物傷人,氣力逾常,不食不眠,舌質紅絳,苔多黃膩,脈弦大滑數,治宜鎮心滌痰,清肝瀉火,方用生鐵落飲(《醫學心悟》)。如肝氣鬱結,日久化熱,邪熱犯胃,則見胃痛之火熱證,症見胃脘灼痛,痛勢急迫,煩躁易怒,泛酸嘈雜,口乾口苦,舌紅苔黃,脈弦或數,治宜疏肝泄熱,和胃止痛,方用化肝煎(《景岳全書》)。若胃火上衝,氣逆動膈,則為呃逆,症見呃聲洪亮,口臭煩渴,喜冷飲,小便短赤,大便秘結,舌苔黃,脈滑數,治宜清降、泄熱、止呃,方用竹叶石膏湯(《傷寒論》)加柿蒂、竹茹。若素體陽盛,加之飲食不節,以致胃腸積熱,大腸傳導失司,而發便秘,症見大便乾結,小便短赤,面紅身熱,或腹脹腹痛,口乾、口臭,舌紅苔黃或黃燥,脈滑數,治宜清熱潤腸,方用麻子仁丸(《傷寒論》)。若濕熱蘊結肝膽,肝絡失和,而見脅痛,證治詳見“濕證篇 本證辨析”。熱為陽邪,其性炎上,風熱中於陽絡,上擾清竅,故發頭痛,證治詳見“風證篇 本證辨析”。熱甚於里,消灼津液,陰液被傷,筋脈失於濡養,則引起痙證,症見發熱胸悶,口噤不開,項背強直,角弓反張,手足攣急,腹脹便秘,咽乾口渴,心煩急躁,甚則神昏譫語,苔黃膩,脈弦數,治宜泄熱存津,養陰增液,方用增液承氣湯(《溫病條辨》)。若濕熱蘊結下焦,膀胱氣化失司,則為熱淋,證治詳見“濕證篇 本證辨析”。如陰虛燥熱,可出現以多飲、多食、多尿及身體消瘦為特徵的消渴,此證有上、中、下三消之分,即肺燥、胃熱、腎虛三別,上消為肺熱津傷,症見煩渴多飲,口乾舌燥,尿頻量多,舌邊尖紅,苔薄黃,脈洪數,治宜清熱潤肺,生津止渴,方用消渴方(《丹溪心法》)加味;中消為胃熱熾盛,症見多食易飢,形體消瘦,大便乾燥,苔黃,脈滑實有力,治宜清胃瀉火,養陰增液,方用玉女煎(《景岳全書》)加黃連、梔子;下消為腎陰虧虛,症見尿頻量多,混濁膏脂,口乾唇燥,五心煩熱,舌紅,脈沉細數,治宜滋陰降火,方用六味地黃丸(《小兒藥證直诀》)。若暴怒鬱遏,肝火不泄,循少陽膽經上擾,清竅失靈,故耳鳴、耳聾,症見突然耳鳴或耳聾,頭痛面赤,口苦咽乾,心煩易怒,夜寐不安,胸脅脹悶,大便秘結,小便短赤,舌質紅,苔黃,脈弦數,治宜清肝瀉火,方用龍胆瀉肝湯(《蘭室秘藏》)。如邪熱與風濕之邪,壅於經絡、關節,氣血瘀滯不通,而致熱痺,症見關節疼痛,局部灼熱紅腫,痛不可觸,多伴有發熱,惡風,口渴,煩悶,苔黃膩,脈滑數,治宜清熱通絡,祛風除濕,方用白虎加桂枝湯(《金匱要略》)加味,或宣痺湯(《溫病條辨》)。如情志抑鬱,肝氣不疏,氣鬱化火,或素體及久病陰虛,耗傷陰液,陰衰陽盛,水不制火,而引起內傷發熱之證,肝鬱發熱者症見時覺身熱心煩,熱勢常隨情緒波動而起伏,抑鬱或煩躁易怒,胸肋脹悶,喜太息,口乾苦,苔黃,脈弦數,治宜疏肝解鬱,清肝瀉熱,方用丹栀逍遙散(《醫統》)加減;陰虛發熱者症見午後或夜間發熱,五心煩熱,或骨蒸潮熱,少寐多夢,顴紅盗汗,口乾咽燥,大便乾結,小便短少色黃,舌質乾紅或有裂紋,無苔或少苔,脈細數,治宜滋陰清熱,方用清骨散(《證治準繩》)。\n火熱證在體質、年齡等不同的患者中,以及在不同的環境、季節情況下,其臨床發病特點有所不同。如感受火熱之邪後,素體陰虛者多陰虛火旺,素有胃熱者多陽明腑實,伏痰內宿者則多痰熱內蘊;壯年體健者多實火,年老體弱者多虛熱;潮濕環境中多濕熱,乾旱地區多燥熱;春天多發春温,夏季多發暑熱,秋天多發溫燥,冬季則多見寒包火證候。\n火熱證除直接感受溫熱邪气致病以外,感受其它五邪,七情內傷以及體內形成的病理產物(瘀血、痰濁等),鬱久不解而皆可以釀熱化火,故有“五氣化火”、“五志化火”、“氣有餘便是火”之說。內火主要是臟腑陰陽偏盛偏衰之表現,其中陽盛者屬實火,病變涉及心、肝、肺、胃,而以心、肝為主;陰虛者屬虛火,病變涉及肺、腎、心、肝,而以肺、腎為主。故內火的辨證多以虛實為綱,結合臟腑病位,來採取相應的治法。此外,火熱實證還可以按在氣在血辨證,如溫熱病氣分熱者予白虎湯,營分熱者予清營湯,血分有熱則用犀角地黃湯。\n火熱邪氣的性質和致病特點決定了火熱證發病的部位及病機轉歸。火熱為陽邪,其性炎上,常上擾神明,故易出現煩躁、神昏譫語等神志錯亂之症,此即《素問·至真要大論》說:“諸躁狂越,皆屬於火”;另火熱證亦多表現在人體的上部,如頭面部。就其病機轉歸而言,火熱之邪首先最易迫津外泄,消灼陰液,使人體津傷、液耗,陰虧而化燥,其中陽熱亢盛的實火最能損耗人體的津、氣,而致氣陰兩傷,此即“壯火食氣”。其次,火熱燔灼肝經,耗竭陰液,筋脈失其濡養,而致肝風內動,此即“熱極生風”,如《素問·至真要大論》說:“諸熱瞀瘛,皆屬於火”。同時火熱還可加速血行,灼傷血脈,迫血妄行,而致各種出血病證。另外火熱之邪深入血分,聚於局部,熱壅血瘀而肉腐,則發為癰疽瘡瘍,故《素問·至真要大論》云:“諸痛痒瘡,皆屬於心”。如火熱至極,則為火毒,常上攻蒙閉心竅,入血迫血妄行。\n火熱之邪侵襲人體後,可與其他邪氣共同致病。如熱與濕膠著難解則為濕熱,多見於肝、膽、胃腸;如熱與風相挾,則為風熱,多見於肺衛之表;如熱與寒互見,則是寒熱錯雜,有下熱上寒,上熱下寒、里熱外寒、外熱里寒之分。",
    "type_comparison": "暑證與火熱證 二證均以火熱陽邪為患,臨床表現又都以升散上炎,耗氣傷津等陽熱症狀為特點。但二證又存在許多不同之處,其鑑別要點如下:一、從病因上講,暑邪乃為夏季主氣,其致病有明顯的季節性,乃純屬外邪,而無內暑之說;火熱之邪四季皆可致病,另其它五邪日久也可鬱熱化火,並火常由內生,如心火、肝火、膽火、胃火等。二、從病機上講,暑證多因暑邪直入氣分,致腠理開洩,多汗而耗傷津液,並暑多挾濕,暑濕又可阻於三焦,使氣機鬱結;火熱證常因火熱之邪迫津外泄,消灼陰液,致使人體陰津正氣耗傷,並往往燔灼肝經,耗劫陰液,使筋脈失其濡養,而致肝風內動,同時火熱之邪又可加速血行,灼傷脈絡,迫血妄行,並入於血分,聚於局部而熱壅血瘀。三、從臨床表現上講,暑證、火熱證均可出現一系列陽熱症狀和耗氣傷津的症狀,如壯熱,煩渴,面赤,口喝喜飲,小便短赤,脈洪等。但暑證又多兼見濕邪內阻之症,如四肢困倦,胸悶嘔惡,大便溏瀉而不爽等;火熱證則可兼見熱極生風、熱迫血行、熱壅血瘀肉腐及熱擾心神諸症,如神昏譫語,四肢抽搐,目睛上視,頸項強直,角弓反張,或吐血、衄血、便血、尿血、發斑及月經過多、崩漏,或疔瘡癰疽,或譫妄發狂,昏迷等。據上述幾點,二證不難鑑別。\n燥證與火熱證 二證都為易傷津液之證,均可出現口渴喜飲,咽乾舌燥等候。但二者仍有眾多不同之處,燥證偏於乾澀傷津,火熱證則偏於炎上燔灼,其鑑別要點如下:一、從病因而言,燥為秋季主氣,性干澀,根據初秋、深秋之不同,可分為溫燥和涼燥;火熱證則無季節限制,五氣、五志皆可化火。二、從病機而言,燥邪多從口鼻而入,侵犯肺衛,損傷肺津,乃至全身陰津虧耗,臟腑組織失於濡潤;而火熱之邪除可耗氣傷津外,還可傷風動血,腐蝕血肉,擾亂心神等。三、從臨床症狀而言,燥證以出現乾澀津傷的臨床表現為特點,症見口鼻乾燥,咽乾口渴,乾咳少痰,痰粘難咯,或痰中帶血,皮膚乾澀,甚至皲裂,毛髮不榮,大便乾結,故《素問·陰陽應象大論》說:“燥勝則干”;而火熱證則以陽熱炎上燔灼為臨床表現特點,多見高熱,惡熱,煩渴,汗出,脈洪數等症,如火熱陽邪上擾神明,可出現心煩失眠,狂躁妄動,神昏譫語;如火邪燔灼肝經,耗竭陰液,筋脈失於濡養,可見高熱神昏,四肢抽搐,角弓反張;如熱灼脈絡,迫血妄行,則可見各種出血症狀;如火熱之邪入於血分,熱壅血瘀於局部,則發為癰腫瘡瘍。由此可鑑別二證。"
  },
  "literature": "《脾胃論·飲食勞倦所傷始為熱中論》:“若飲食失節,寒溫不適,則脾胃乃傷;喜怒憂恐,損耗元氣。既脾胃氣衰,元氣不足,而心火獨盛,心火者,陰火也,起於下焦,其系系於心,心不主令,相火代之;相火,下焦包絡之火,元氣之賊也。火與元氣不兩立,一勝則一負。脾胃氣虛,則下流於腎,陰火得以乘其土位。”\n《景岳全書·血證》:“血本陰精,不宜動也,而動則為病。血主營氣,不宜損也,而損則為病。蓋動者多由於火,火盛則逼血妄行;損者多由於氣,氣傷則血無以存。”"
}