{
  "id": "qizhi_xueyu",
  "number": 41,
  "name": "氣滯血瘀證",
  "category": "全身證候",
  "overview": "氣滯血瘀證指體內氣機阻滯，導致血行不暢，甚則停滯成瘀的證候。多因情志內傷，抑郁不遂，氣機阻滯日久而致。\n主要臨床表現為：胸脅脹悶，走竄疼痛，性情急躁易怒，或脅下痞塊，刺痛拒按，女子可見經閉或痛經，經色紫暗，夾有血塊，乳房脹痛等，舌紫暗或見瘀點瘀斑，脈澀。\n氣滯血瘀證常見於：“胸痺心痛”、“胃痛”、“脅痛”、“積聚”、“臌脹”、“狂病”、“痛經”等疾病中。\n氣滯血瘀證應與“氣滯證”、“血瘀證”、“氣虛血瘀證”、“痰瘀互阻證”相鑑別。",
  "clinical_manifestations": "胸脅脹悶，走竄疼痛，性情急躁易怒，或脅下痞塊，刺痛拒按，女子可見經閉或痛經，經色紫暗，夾有血塊，乳房脹痛等，舌紫暗或見瘀點瘀斑，脈澀",
  "common_diseases": [],
  "differential_syndromes": [],
  "differential": {
    "self_analysis": "",
    "type_comparison": "氣滯證與氣滯血瘀證 兩者均有氣滯的表現，如局部脹、悶、痞、痛，時輕時重，可隨噯氣或矢氣減輕，且與精神因素有關。氣滯血瘀證則在此基礎上有所發展，出現血瘀證的表現，如疼痛部位固定不移，痛而拒按，夜間加重，面青唇紫，舌質紫暗，成有瘀斑、瘀點，脈澀等。前者治宜行氣疏肝，後者當行氣活血並行。二者可以此鑑別。\n血瘀證與氣滯血瘀證 兩者均有血瘀證的“三瘀”即瘀痛、瘀斑、瘀塊之症。血瘀證因瘀阻的部位不同，可產生不同的症狀，但總體來說表現為局部疼痛，痛處固定不移，刺痛拒按，面色黧黑，青筋顯露，或出血發斑，唇舌青紫，脈細澀或結代。女子則表現為痛經，經色紫暗有塊。氣滯血瘀證則以氣滯證與血瘀證兼見為其特點，臨床表現為心煩易怒，胸脅脹滿或有痞塊疼痛拒按，舌質紫暗或有瘀斑，脈澀等。女子可表現為月經閉止，或痛經，經色紫暗有塊，乳房脹痛等。\n氣虛血瘀證與氣滯血瘀證 兩者均為氣血同病，且均由氣病導致血液運行不暢而致瘀阻。然前者為虛中夾實證，後者是實證。二者病因病機不同，前者是因為機體臟腑功能衰退，元氣不足，無力推動血液運行而致血瘀；後者由於體內氣行障礙，氣運不暢導致血瘀。二者的臨床表現也不相同，前者除血瘀證之外，兼見氣虛的臨床表現如神疲乏力，少氣懶言，呼吸氣短等證，後者則為氣滯證與血瘀證並見。二者不難鑑別。"
  },
  "literature": "《素問·五臟生成》：“臥出而風吹之，血凝於膚者為痺，凝於脈者為泣，凝於足者為厥，此三者，血行而不得反其空，故為痺厥也。”\n《素問·舉痛論》：“經脈流行不止，環周不休，寒氣入經而稽留，泣而不行，客於脈外則血少，客於脈中則氣不通，故卒然而痛。”\n《血證論·吐血》：“氣為血之帥，血隨之而運行，血為氣之守，氣得之而靜謐。”\n《血證論·瘀血》：“瘀血在經絡臟腑之間，則周身作痛，以其堵塞氣之往來，故滯礙而痛，所謂痛則不通也。”\n《仁齋直指方·血榮衛氣論》：“氣有一息之不運，則血有一息之不行。”\n《沈氏尊生書》：“氣運於血，血隨氣以周流，氣凝血亦凝，氣凝在何處，血亦凝在何處。”"
}