{
  "id": "shi",
  "number": 23,
  "name": "濕證",
  "category": "基礎證候",
  "overview": "濕證是指由於感受濕邪,或脾之運化輸布功能障礙,從而引起水濕停滯於體內的證候。濕證有外濕、內濕之分。外濕乃為六淫之一,指因氣候潮濕、久居濕地,或感受霧露之邪,或涉水淋雨,或長期水中作業而感受外界濕邪而言。濕為陰邪,性質重濁而粘膩,易阻滯氣機活動,障礙脾之運化,故外濕症見頭重如裹,體重腰痠,胸悶嘔惡,四肢困倦,關節肌肉疼痛,小便不利,大便溏泄等一系列外感濕邪、濕阻中焦表現,內濕指體內水濕停滯而言,是由於素體或久病脾腎陽虛,運化功能障礙,水濕之氣停滯。內濕證出現納呆,腹瀉,腹脹,小便少,面黃,肢腫等症狀。另外,濕氣每於病位停留滯著,阻礙輕清陽氣的活動,故也稱濕濁。濕濁鬱積日久而醞釀成毒,即為濕毒。\n主要臨床表現為:頭脹而痛,首如裹,胸悶嘔惡,脘腹脹滿,口不作渴,四肢懈怠,身重不舒,或關節痠痛重著,屈伸不利,納呆,便溏,苔膩,脈濡。\n濕證常見於“感冒”、“泄瀉”、“痢疾”、“脅痛”、“黃疸”、“頭痛”、“水腫”、“淋證”、“癃閉”、“腰痛”、“痺病”等疾病中。\n本證應與“痰證”、“水飲內停證”等相鑑別。",
  "clinical_manifestations": "頭脹而痛,首如裹,胸悶嘔惡,脘腹脹滿,口不作渴,四肢懈怠,身重不舒,或關節痠痛重著,屈伸不利,納呆,便溏,苔膩,脈濡",
  "common_diseases": [],
  "differential_syndromes": [],
  "differential": {
    "self_analysis": "本證由於濕邪侵襲部位和臟腑不同,故其病機及臨床表現亦有所不同。如暑邪挾濕傷表,衛表不和,肺失宣肅,症見身熱,微惡風,肢體痠痛,頭昏重脹痛,咳嗽痰粘,渴不多飲,胸悶,嘔惡,小便短赤,舌苔薄白而膩,脈濡數,治宜清暑祛濕解表,方用新加香薷飲(《濕病條辨》)。如濕邪停滯於脾胃大小腸,致脾胃功能障礙,運化失常而生泄瀉,濕邪又有寒濕、濕熱之分,偏於寒者症見泄瀉清稀,腹痛腸鳴,脘悶食少,伴惡寒發熱,肢體痠痛,苔薄白或白膩,脈濡緩,治宜解表散寒,芳香化濕,方用藿香正氣散(《和劑局方》);偏於熱者症見泄瀉腹痛,泄下急迫,或泄而不爽,便黃褐而臭,肛門灼熱,煩熱口渴,小便短赤,苔黃膩,脈濡數,治宜清熱利濕,方用葛根芩連湯(《傷寒論》)。如濕熱疫毒、寒濕侵於腸腑,氣血與之相搏結,腸道傳導失司,脂絡受傷,氣血凝滯,腐敗化為膿血,則發為痢疾,症見腹痛,里急後重,下痢赤白膿血,偏於濕熱者治宜清熱解毒,調氣行血,方用芍藥湯(《素問病機氣宜保命集》);偏於寒濕者,治宜溫化寒濕,方用胃苓湯(《丹溪心法》)加味。如濕熱之邪鬱於肝膽,肝絡失和,則發脅痛,症見脅痛,口苦,胸悶,納呆,嘔惡,目黃,身黃,小便黃,舌苔黃膩,脈弦滑數,治宜清熱利濕,疏肝止痛,方用龍胆瀉肝湯(《蘭室秘藏》)。又如濕阻中焦,脾胃升降功能失常,影響肝膽疏泄,以致膽液不循常道,滲入血液,溢於肌膚而發黃疸,以濕熱為主者為陽黃,症見身目俱黃,黃色鮮明,發熱口渴,腹部脹滿,胸脘痞悶,納呆,嘔惡,口乾苦,小便短赤,大便秘結,苔黃膩,脈弦數,治宜清熱利濕退黃,方用茵陳蒿湯(《傷寒論》);以寒濕為主者為陰黃,症見身目俱黃,黃色晦暗,納少脘悶,腹脹便溏,神疲畏寒,口淡不渴,舌質淡,苔膩,脈濡緩或沉遲,治宜健脾和胃,溫化寒濕,方用茵陳朮附湯(《醫學心悟》)。若風濕外感,上犯巔頂,濕蒙清空,清陽不展,而致濕證頭痛,症見頭痛如裹,肢體困重,納呆胸悶,小便不利,便溏,苔白膩,脈濡,治宜祛風勝濕,方用羌活勝濕湯(《内外傷辨惑論》)。如肺脾腎三臟失調,水濕之邪浸漬肌膚,壅滯不行,而致水腫,症見全身水腫,按之沒指,小便短少,身體困重,胸悶納呆,泛惡,苔白膩,脈沉緩,治宜健脾化濕,通陽利水,方用五皮飲《中藏經》合用胃苓湯(《丹溪心法》)。若濕熱蘊結下焦,膀胱氣化失司,則見淋證,症見小便短數,灼熱刺痛,色黃赤,少腹拘急脹痛,口苦,嘔惡,大便秘結,苔黃膩,脈濡數,治宜清熱利濕通淋,方用八正散(《和劑局方》)。另外,中焦濕熱不解,下注膀胱,膀胱濕熱阻滯,氣化不利,小便不通而成癃閉,症見小便點滴不通,小腹脹滿,口苦口粘,苔黃膩,脈濡數,治宜清熱利濕,通利小便,方用八正散(《和劑局方》)。如外感風寒濕熱,以濕邪為主,痺著腰部,阻遏經脈,發為腰痛,偏於寒濕者症見腰部冷痛重著,轉側不利,靜臥痛不減,於陰雨天加重,苔白膩,脈沉而遲緩,治宜散寒行濕,溫經通絡,方用甘姜苓朮湯(《金匱要略》)加味;偏於濕熱者症見腰部弛痛,痛處伴有熱感,活動後可減輕,小便短赤,苔黃膩,脈濡數,治宜清熱利濕,舒筋止痛,方用四妙丸(《成方便讀》)。如感受風寒濕邪,以濕邪偏重,閉阻經絡,氣血運行不暢,則發為著痺,症見肢體關節重著,痠痛,痛有定處,手足沉重,活動不便,肌膚麻木不仁,苔白膩,脈濡緩,治宜除濕通絡,祛風散寒,方用薏苡仁湯(《類證治裁》)。\n本證有內外濕之分。外濕多由於氣候潮濕,涉水淋雨,居住潮濕等外在濕邪侵襲人體所致;內濕既是病理產物,又是致病因素,多因飲食不節損傷脾胃,脾失健運,水濕停聚而生,故濕從內生,聚而為患,或為泄瀉,或為腫滿,或為飲邪,此即《素問·至真要大論》所說:“諸濕腫滿,皆屬於脾”。無論內濕、外濕,濕邪為病總與體質有關,如素體脾虛者、易招外濕侵襲,濕困脾土,損傷脾陽,又常生內濕。同時還與環境、年齡、性別等相關,如久處潮濕之地,易患外濕證候;年老者脾虛者,易生內濕證候;濕熱下注,男子常見淋證、癃閉,而女子則見帶下病。\n濕證由於濕邪侵襲人體部位廣泛,其特點也有所不同。如濕邪閉阻清陽,可見頭目昏重,清竅壅塞;濕犯上焦,則胸悶咳嗽;濕阻中焦,則見嘔吐下利,脘痞腹脹,便溏不爽;濕邪阻滯三焦氣機,則水液不行,小便短澀;濕阻於下,則小腸泌別失職。此外,濕邪為病多見於下部症狀,如下肢水腫,淋濁,帶下,泄痢等症多由濕邪下注所致,此即“濕性趨下,易襲陰位”,故《素問·太陰陽明論》說:“傷於濕者,下先受之”。\n濕證常因人體臟腑功能和素體稟賦的差異,以及治療失當而有不同轉歸。如脾陽素虛者,易從寒化;胃熱素盛者,易從熱化;過用寒涼者,易於寒化;妄加溫燥者,易於熱化。另外濕邪蘊積日久化熱,則轉為濕熱。濕從寒化,多易損傷脾陽,濕從熱化,多易耗傷胃陰,這是濕證轉化的趨勢。但濕為陰邪,濕勝則陽微,濕從寒化,乃為濕證的重要發展趨勢。另外,濕性重濁粘滯,故濕證多病勢纏綿,病程較長,且易傷脾腎陽氣和阻滯中焦氣機。",
    "type_comparison": "痰證與濕證 兩證均屬陰邪為患。痰飲水濕同出一源,俱為津液不歸正化,停積而成。分別言之,源雖同而流則異,病變各有不同特點。二證的鑑別要點如下:一、從病理形質言,痰多厚濁,濕性粘滯。二、從病機言,因痰邪無處不到,故痰證發病變化多端,又可與風、寒、濕、燥、熱等邪相互為患,有形、無形之痰可滋生百病;濕則易聚於身半以下,或阻於中焦,或蒙於清空,故濕證多見三焦濕蘊、氣機不暢之候。三、從病理屬性言,痰證多因邪熱煎熬,從陽化而成;濕為陰邪,但無定體,可隨五氣從化相兼為病。四、痰濕源出一體,在一定條件下二證又可相互轉化或相兼挾。如《醫階辨證》說:“痰因濕而生”,另還有“濕熱生痰”之說。五、從臟腑病機言,因“脾為生痰之源,肺為貯痰之器”,故痰證與肺脾關係密切,痰又可隨肝風而動,又可上蒙心竅;濕證則與肺、脾、腎關係密切,脾虛濕盛之病機尤為關鍵。\n水飲內停證與濕證 二者均為陰盛陽微,氣化不利所導致的水液運化失常,而出現飲停、水留、濕困的病理變化。水飲濕同出一源,但又有不同病證特點。二證的鑑別要點如下:一、從病理產物形質言,飲為清涎,水屬清液,濕性粘滯,故兩證的外在表現不同。二、從病理屬性言,水飲主要因寒積聚而成,得溫則行,故水飲內停證以水飲陰邪瀦留體內為患;而濕也為陰邪,但濕證多以濕邪隨五氣從化相兼為病。三、從病證病機言,水飲之邪多停於體內局部,如在胃腸、胁下、肢体和胸肺等處,臨床症狀因所積留部位而異;而濕證則多表現為濕阻三焦、氣機運化不暢。四、水飲內停證與濕證在一定條件下可相互轉化、兼挾,如《類證治裁·痰飲》有:“飲因於濕”之說。五、從臟腑病機言,水飲內停證與濕證均與肺、脾、腎密切相關,但前者側重於脾腎陽虛,陽虛陰盛,後者側重於脾虛濕盛。故二證可予鑑別。"
  },
  "literature": "《雜病源流犀燭·泄瀉源流》:“濕盛則飧泄,乃獨由於濕耳。不知風寒熱虛,雖皆能為病,苟脾強無濕,四者均不得而干之,何自成泄?是泄雖有風寒熱虛之不同,要未有不源於濕者也。”\n《臨證指南醫案·疸》:“陽黃之作,濕從火化,瘀熱在里,膽熱液泄,與胃之濁氣共並,上不得越,下不得泄,熏蒸遏鬱,浸於肺則身目俱黃,熱流膀胱,溺色為之變赤,黃如橘子色,陽主明,治在胃。陰黃之作,濕從寒化,脾陽不能化熱,膽液為濕所阻,漬於脾,浸淫肌肉,溢於皮膚,色如熏黃,陰主晦,治在脾。”"
}