{
  "id": "shu",
  "number": 22,
  "name": "暑證",
  "category": "基礎證候",
  "overview": "暑證是指由於感受夏季暑邪,而致使機體出現陽熱偏盛,傷津耗氣的一種證候。暑為陽邪,六淫之一,夏令主氣,為火熱所化。故《素問·五運行大論》說：“其在天為熱,在地為火……其性為暑”,說明暑為天地火熱之氣。暑屬外邪,獨發於夏季。因“長夏”多濕,故暑邪每易挾濕而致病。暑邪為病,每見暍證。\n主要臨床表現為:壯熱頭痛,心煩口渴,面赤汗出,尿赤短少,脈洪數;或伴氣短乏力,甚則突然昏倒,不省人事,或伴四肢困倦,胸悶嘔惡,大便溏泄不爽等症狀。\n暑證常見於“感冒”、“暑厥”、“嘔吐”、“泄瀉”、“痢疾”、“霍亂”、“腹痛”、“頭痛”等病證中。\n本證應與“火熱證”、“濕證”、“燥證”等相鑑別。",
  "clinical_manifestations": "壯熱頭痛,心煩口渴,面赤汗出,尿赤短少,脈洪數;或伴氣短乏力,甚則突然昏倒,不省人事,或伴四肢困倦,胸悶嘔惡,大便溏泄不爽等症狀",
  "common_diseases": [],
  "differential_syndromes": [],
  "differential": {
    "self_analysis": "暑邪致病有明顯的季節性,主要發生在夏至以後,立秋之前。其發病多與肺衛,脾胃中焦及心神清竅等有關。如夏季感受當令暑邪,暑多挾濕,暑濕傷於肺衛,則衛表不和,肺氣不清,而發為暑證。暑濕感冒,症見身熱,微惡風,汗少,肢體痠重或疼痛,頭昏重脹痛,咳嗽痰粘,鼻流濁涕,心煩口渴,或口中粘膩,渴不多飲,胸悶嘔惡,小便短赤,舌苔薄黃而膩,脈濡數,治宜清暑祛濕解表,方用新加香薷飲(《溫病條辨》)加減。若夏令炎暑季節,久曝烈日或久勞於高溫之下,感受暑邪,熱鬱氣逆,阻遏氣機,閉塞清竅,而卒發暑證,稱為暑厥,症見卒然昏仆,不省人事,伴有譫妄,醒后則頭暈,頭痛,胸悶身熱,面色潮紅,脈洪數,治宜清暑解毒開竅,方用安宮牛黃丸(《溫病條辨》)。如夏令暑濕穢濁之氣阻於中焦,內擾胃府,濁氣上逆,則發為暑證嘔吐,症見突然嘔吐,可伴發熱惡風,頭痛肢倦,胸脘滿悶,苔白膩,脈濡緩,治宜疏邪解表,芳香化濁,方用藿香正氣散(《和劑局方》)。若夏令暑濕傷及腸胃,傳化失常,而發生暑證泄瀉,症見泄瀉,腹痛,瀉下急迫,或瀉而不爽,糞色黃褐而臭,肛門灼熱,煩熱口渴,小便短黃,舌苔黃膩,脈濡數或滑數,治宜清熱利濕,方用葛根芩連湯(《傷寒論》)。又若暑濕、邪毒相搏結,化為膿血,暑證見於濕熱痢,症見腹痛,里急後重,下痢赤白相雜,肛門灼熱,小便短赤,苔黃膩,脈滑數,治宜清熱解毒,調氣行血,方用芍藥湯(《素問病機氣宜保命集》)加銀花。若感受暑濕穢濁之氣,鬱遏中焦,清濁相混,亂於腸胃,上吐下瀉,而成霍亂,症見吐瀉驟作,嘔吐如噴,瀉下如米泔汁,臭穢難聞,頭痛,發熱,口渴心煩,腹中絞痛,舌苔黃膩,脈象濡數,治宜清熱化濕,辟穢泄濁,方用燃照湯(《隨息居重訂霍亂論》),或蠶矢湯(《隨息居重訂霍亂論》)若夏季暑濕之邪阻於腹中,脾胃運化失調,氣機阻滯,而發為暑證腹痛,症見腹痛拒按,脘悶不舒,大便秘結,或溏泄不爽,煩渴引飲,小便短赤,舌苔黃膩,脈象濡數,治宜瀉熱通腑,方用大承氣湯(《傷寒論》)。如暑證見於頭痛,症見頭痛如裹,肢體困重,胸悶,納呆,小便不利,便溏,苔白膩,脈濡,治宜祛風勝濕,方用羌活勝濕湯(《内外傷辨惑論》)。\n暑邪的性質及致病特點決定了其病機轉歸。暑為夏季火熱之氣所化,故屬陽邪,其性炎熱,陽性升發,多直入氣分,可致腠理開洩而多汗,汗出過多則耗傷津液。大量汗出,往往氣隨津洩,又可致氣虛。所以傷於暑者,氣陰兩虛多見。另暑熱之邪上升,可擾動心神,則心煩悶亂而不寧。以上即暑性升散,易耗氣傷津之臨床特點。此外,暑季除氣候炎熱外,且常多雨而潮濕,熱蒸濕動,暑邪為病,常兼挾濕邪以侵犯入体,故暑濕又多阻滯於中焦,從而影響氣機升降流行。同時濕為陰邪,可耗傷陽氣,所以暑濕初患,多氣陰兩虛,日久則陰陽俱虛。",
    "type_comparison": "火熱證與暑證 二證均以火熱陽邪為患,臨床表現又都以升散上炎,耗氣傷津等陽熱症狀為特點。但二證又存在許多不同之處,其鑑別要點如下:一、從病因上講,暑邪乃為夏季主氣,其致病有明顯的季節性,乃外邪,因此,暑證僅見於夏暑季節;火熱之邪四季皆可致病,另其它五邪日久也可鬱熱化火,並火常由內生,如心火、肝火、胆火、胃火等。二、從病機上講,暑證多因暑邪直入氣分,致腠理開洩,多汗而耗傷津液,並暑多挾濕,暑濕又可阻於三焦,使氣機鬱結;火熱證常因火熱之邪迫津外洩,消灼陰液,致使人體陰津正氣耗傷,並往往燔灼肝經,耗劫陰液,使筋脈失其濡養,而致肝風內動,同時火熱之邪又可加速血行,灼傷脈絡,迫血妄行,並入於血分,聚於局部而熱壅血瘀。三、從臨床表現上講,暑證、火熱證均可出現一系列陽熱症狀和耗氣傷津的症狀,如壯熱,煩渴,面赤、口渴喜飲,小便短赤,脈洪等。但暑證又多兼見濕邪內阻之症,如四肢困倦,胸悶嘔惡,大便溏瀉而不爽等;火熱證則可兼見熱極生風、熱迫血行、熱壅血瘀肉腐及熱擾心神諸症,如神昏譫語,四肢抽搐,目睛上視,頸項強直,角弓反張,或吐血、衄血、便血、尿血、發斑,及月經過多、崩漏,或疔瘡癰疽,或譫妄發狂,昏迷等。據上述幾點,二證不難鑑別。\n濕證與暑證 二證在臨床表現上均可出現四肢困倦,胸悶嘔惡,大便溏泄等濕阻徵象,但從病因病機,臨床表現等方面來講,二者具有明顯差異,其鑑別要點如下:一、從致病因素而言,濕為陰邪,長夏主氣,濕邪為病,有外濕、內濕之分;暑為陽邪,夏季主氣,致病有明顯的季節性,暑屬外邪,無內、外之分。二、從病機而言,濕證多為內有脾失健運,外感水濕之邪而致,濕邪瀰漫三焦,滯於臟腑、經絡、關節,最易阻遏氣機,從而使氣機升降失常,同時濕為陰邪,又易損傷陽氣,其中以脾陽為要;暑證則是暑邪侵襲,耗氣傷津,使氣陰兩傷,並常挾濕為患。三、從臨床表現而言,濕證以重濁粘滯、遏氣傷陽為臨床特點,如濕邪外襲肌表,則見頭昏重如裹,周身困重;留滯經絡關節,則可見肌膚不仁,關節疼痛重著;濕邪阻遏氣機,常出現胸悶脘痞,小便短澀,大便不爽;濕困脾土,脾陽不振,則發為腹瀉,尿少,水腫等。另外,濕邪為病多纏綿難愈,如油入面,也是濕證的重要臨床特點。暑證雖也常兼挾濕邪,可見四肢困倦,胸悶嘔惡,大便溏泄等濕阻現象,但其致病仍以陽熱升散,耗氣傷津為主要臨床特點,可見壯熱,煩渴,面赤汗出,氣短乏力,尿赤短少,脈象洪大等症。\n燥證與暑證 二證都以耗傷津液為特點,均可出現口渴喜飲,小便短少等津傷症狀。但燥證由秋季燥邪侵襲,或體內津傷液耗,產出內燥而致;暑證則有明顯季節性,純由暑邪為患。燥邪多從口鼻而入,侵犯肺衛,最易損傷肺津,終至全身陰津虧虛,臟腑組織失於濡潤;暑邪傷入,多直入氣分,耗氣傷津,並常挾濕為患。燥證主要以干澀,津傷,液虧為臨床表現特點,而暑證雖也可出現耗氣傷津之證,但仍主要以炎熱升散為重。"
  },
  "literature": "《古今醫統大全·嘔吐穢門》:“無病之人,卒然而嘔吐,定是邪客胃腑。在長夏暑邪所干,在秋冬風寒所犯。”\n《沈氏尊生書·痢疾源流》:“諸痢,暑濕病也,大抵痢之病根,皆由濕蒸熱壅,以至氣血凝滯,漸至腸胃之病。惟由濕熱,故多偏於燥,里急後重,小便赤澀,皆其症也。”"
}