{
  "id": "taiyang",
  "number": 28,
  "name": "太陽證",
  "category": "基礎證候",
  "overview": "太陽證是指凡外感風寒,自表而入,侵及太陽,正邪相爭,營衛失和而出現“脈浮、頭項強痛而惡寒”等症狀的一類證候的統稱,是外感病的初起階段。\n主要臨床表現為:頭項強痛,惡寒,脈浮。\n太陽證常見於外感熱病的初起的表證階段。\n本證應與“少陽證”、“陽明證”、“溫病衛分證”相鑑別。",
  "clinical_manifestations": "頭項強痛,惡寒,脈浮",
  "common_diseases": [],
  "differential_syndromes": [],
  "differential": {
    "self_analysis": "太陽主表,為人體最外一層,統攝營衛,營行脈中,衛行脈外,營衛相和,皮毛乃固。且太陽經脈上額交巔,絡腦下項,挾脊抵腰,總括頭頂至背及全身肌表,故曰太陽主一身之表,為六經之藩籬。若外邪侵襲,經脈受邪,氣血運行受阻,不通則痛故見頭項強痛;正氣抗邪於外,氣血疾行,脈道充盈鼓動而見脈浮;正氣為邪所傷,不能溫分肉充皮膚,而見惡寒,三症俱見方為太陽證。本證為外感病之初起,病邪侵入尚淺。太陽證根據其受邪先後及傳變不同,其臨床表現也不相同。太陽中風系寒邪外侵,衛陽束表,營衛不和,衛強營弱,其臨床特點為發熱汗出,惡風,脈浮緩,治宜解肌祛風,調和營衛,方用桂枝湯(《傷寒論》)。太陽傷寒系衛陽被遏,營陰凝滯,其臨床特點為惡寒,體痛,嘔逆,脈浮緊,治宜辛溫發汗,宣肺平喘,方用麻黃湯(《傷寒論》)。太陽蓄水證外邪侵及膀胱,陽氣不煦,氣不能化水,水蓄不行,其臨床特點為發熱汗出,煩渴,煩躁不得眠,渴欲飲水,水入則吐,小便不利,脈浮數等,治宜化氣行水,兼以解表,方用五苓散(《傷寒論》)。太陽蓄血證邪熱積於下焦,與血搏結於膀胱,其臨床特點見少腹急結,其人如狂,小便自利,身黃、脈沉結等,治宜逐瘀泄熱,方用桃核承氣湯(《傷寒論》)。",
    "type_comparison": ":\n少陽證與太陽證 兩者同屬三陽病證,分別為傷寒邪氣入侵致病及傳變過程中的兩個不同階段,均可出現惡寒、發熱,甚則如瘧狀,但實質上在病機、病位、症狀等方面均有顯著不同。太陽證為傷寒邪氣初侵太陽經,營衛失和的表證階段,病勢尚輕淺,而少陽證則為傷寒邪氣自表入里,在表里之間的正邪劇爭階段,病勢已深;兩證雖俱見惡寒發熱,但太陽證為寒熱並見,且寒多熱少,而少陽證為往來寒熱;另外,邪在太陽多心腹不滿,呻吟不安而不嘔,邪在少陽多胸脅苦滿,默不欲食,心煩喜嘔,後者皆為邪不在表之徵,與太陽表證還是可以區別的。\n陽明證與太陽證 兩者均出現在外感病過程中,為疾病發展的兩個階段,互相聯繫,同屬於三陽病證,且均以陽經和六腑病變為基礎。但兩者又有不同。以病變部位分,太陽主表,陽明主里。從發病看,太陽為邪氣首侵之經,病變可傳於他經,而陽明病的發生可由他經傳來,亦可自發為病。從病情發展分,太陽證是外感病的初期階段,病情較淺,而陽明證為疾病的極期階段,病情較太陽為重。從治則看,太陽證宜解表,切忌過汗、下以防引邪深入,而陽明證宜清里,急下存陰。\n溫病衛分證與太陽證 兩者均為外感疾病初起之表證階段,病情尚淺。但傷寒與溫病是兩類不同性質的外感病,其病因性質、侵犯部位、傳變規律各有所異,治療亦有較大區別。首先,太陽證多感受風寒病邪,而衛分證多起因於風熱。其次太陽證之邪氣從皮毛而入,先侵及太陽膀胱經,而衛分證多從口鼻而入,先侵及手太陰肺經。發病太陽證必見惡寒,而衛分證首推發熱。再次太陽證多有衛陽被鬱,常留戀於表,再入里化熱,而衛分證首感熱邪,無需化熱故熱變最速。太陽證演變後傳入少陽、陽明或三陰經,由寒化熱,再由熱轉變,性質多變,而衛分證傳里後因溫病多挾濕邪,故可在某一階段(如氣分)病情相對穩定,無較大變化。治則上太陽證以寒立論,故以辛溫解表為主,而衛分證以熱求因,立法以辛涼解表為主。凡此種種,可見太陽表證與衛分證異同之分。"
  },
  "literature": "《傷寒論·辨太陽病脈證並治上》:“太陽之為病,脈浮,頭項強痛而惡寒。”\n《傷寒論條辨·辨太陽病脈證並治上》:“太陽者,……乃六經之首,主皮膚而統營衛,所以為受病之始也。《難經》曰:浮脈在肉上行也。滑氏曰:脈在肉上行,主表也。表即皮膚,榮衛麗焉。故脈見尺寸俱浮,知為病在太陽之診也。項,頸後也。強痛者,皮膚榮衛一有感受,經絡隨感而應,邪正爭擾也。惡寒者,該風而言也。風寒初襲表而鬱於表,故不勝。復被風寒外遷而畏惡之。及其過表而入里,則不復惡。仇雠之義也。”\n《傷寒來蘇集·傷寒論注·太陽脈證》:“仲景作論大法,六經各立病機一條,提揭一經綱領,必擇本經至當之脈證而表彰之。六經雖各有表證,惟太陽主表,故表證表脈,獨太陽得其全,如脈浮為在表,太陽像三陽,其脈氣浮而有力,與陽明之兼長大,少陽兼弦細,三陰之微浮者不侔矣。頭項主一身之表,太陽經絡營於頭,會於項,故頭連項而強痛,與陽明頭額痛,少陽頭角痛者少間矣。惡寒為病在表,六經雖各惡寒,而太陽應寒水之化,故惡寒特甚,與陽明二日自止,少陽往來寒熱,三陰之內惡寒者,懸殊矣。後凡言太陽病者,必據此條脈症。如脈反沉,頭不痛,項不強,不惡寒,是太陽之變局矣。仲景立六經總綱法,與《內經·熱論》不同,太陽只重在表證表脈,不重在經絡主病。看諸總綱,各立門戶,其意可知。”\n《傷寒貫珠集·太陽篇下》:“溫病者,冬春之月,溫暖太甚,所謂非節之暖,人感之而即病者也。此正是傷寒對照處。傷寒變乃成熱,故必傳經而後渴。溫邪不待傳變,故在太陽而即渴也。傷寒陽為寒鬱,故身發熱而惡寒;溫病陽為邪引,故發熱而不惡寒也。然其脈浮,身熱頭痛,則與傷寒相似,所以謂之傷寒類病云。”\n《醫宗金鑑·訂正仲景全書》:“太陽病不解,不傳陽明,邪熱隨經入里,謂之犯本,犯本者,謂犯膀胱之府也。膀胱府之衛為氣分,膀胱府之榮為血分,熱入而犯氣分,氣化不行,熱與水結者,謂之犯衛分之里,五苓散證也;熱入而犯血分,血蓄不行,熱與血結者,謂之犯榮分之里,桃核承氣湯證也。二者雖皆為犯本之證,二方雖皆治犯本之藥,而一從前利,一從後攻,水與血,主治各不同也。”"
}