{
  "id": "taiyin",
  "number": 31,
  "name": "太陰證",
  "category": "基礎證候",
  "overview": "太陰證是指傷寒誤治傳里,或素體虛弱,傷寒直中太陰而致的脾陽虛弱,寒濕內停的證候,屬里虛寒證。三陰為病,太陰先受,故太陰病為三陰病的首發階段。其病因有二:一是三陽失治、誤治損傷脾陽而發病;二是脾陽素虛,外感風寒,或內傷生冷,飲食不節,寒邪直中太陰而發病。\n主要臨床表現為:腹滿而吐,食不下,自利益甚,時腹自痛,喜溫喜按,口不渴,手足自溫,舌淡苔薄白,脈緩弱。\n太陰證除本證外尚有“外兼表證”、“太陰腹痛證”等兼變證。\n本證須與“少陰證”、“陽明證”相鑑別。",
  "clinical_manifestations": "腹滿而吐,食不下,自利益甚,時腹自痛,喜溫喜按,口不渴,手足自溫,舌淡苔薄白,脈緩弱",
  "common_diseases": [],
  "differential_syndromes": [],
  "differential": {
    "self_analysis": "太陰證為脾陽虛弱,寒濕困滯,運化失常,氣機阻結所致,以“腹滿而吐,食不下,自利益甚,時腹自痛”為主症。“脾司大腹”,“諸濕腫滿,皆屬於脾”,脾虛則氣血不運,寒濕不化,濕阻氣滯而見腹滿;脾與胃互為表里,脾不升則胃不降,脾病及胃,濁陰上犯,則嘔吐而食不得下;脾陽虛弱,清陽不升反而下陷,則見自下利,因進食少,理應大便亦少,不應下利而反見下利,那麼相對脾陽振作之不下利言可謂“自利益甚”;陽氣虛衰,氣運不暢,不通則痛而見時腹自痛;太陰為病乃三陰病之初起,陽虛尚輕,脾陽尚能布於四末而見手足溫和;太陰證脾胃虛寒,故見腹痛喜溫喜按,口淡不渴,舌淡苔白脈緩弱;由於脾虛濕郁,太陰證尚可見發黃等表現。根據脾陽虛寒的程度不同,太陰證有輕證與重證之別。輕證治宜溫中祛寒,方用理中湯(《傷寒論》),重證治宜補火生土,方用四逆湯(《傷寒論》)。\n太陰證除本證外,尚有兼變證。如太陰外兼表證,臨床表現除太陰證的主要表現外,還兼有脈浮,說明在表之邪未盡,治法上應分清表證與虛寒孰輕孰重,若表證為主,虛寒不甚,治宜先治表後及里,方用桂枝湯(《傷寒論》);若里虛寒較甚,雖有表證,亦應先里後表,治宜溫里為主兼以和表,方用桂枝人參湯(《傷寒論》)。太陰腹痛證乃為太陽病誤下傷脾,邪陷太陰,脾傷氣滯,脈絡瘀阻,不通則痛以致發生腹滿疼痛等證。根據病情輕重,亦可分為輕證與重證。輕證僅見腹滿時痛,治宜溫陽和絡,方用桂枝加芍藥湯(《傷寒論》);重證可見腹部“大實痛”,治宜溫陽益脾,活血和絡,佐以瀉實導滯,方用桂枝加大黃湯(《傷寒論》)。\n太陰證若就脈象而言,脈陽微陰澀而長是向愈的表現,若病中出現暴煩下利,為脾陽來復,驅邪外出,胃熱不甚之兆。患者如果手足溫和,精神轉佳,苔膩漸化,也是向愈的表現。若病中出現大便硬,為濕邪化燥,胃熱較甚,病亦由太陰轉入陽明。若病中出現手足厥冷,精神萎靡,苔膩不化,且下利者為病情惡化的徵象,進一步發展可以演變為脾腎虛寒,亦可形成少陰虛寒之證。",
    "type_comparison": "少陰證與太陰證 兩證均屬三陰證,病位同在于里,且多為虛證、寒證,臨床表現均可見下利清谷,時腹痛,舌淡苔白,脈沉弱。但仔細推敲,二證又有所區別。首先從病位分,太陰證為脾臟受損,少陰證為心腎虛衰;其次病機上,太陰證為脾弱不運,運化失司,而少陰則為心腎兩虛,氣血不行,陰寒內盛;再者臨床表現上,太陰證有腹滿而吐,自下利,口不渴,時腹自痛,手足自溫等症,少陰證表現為欲吐不吐,心煩但欲寐,自利而渴,小便白,手足逆冷等。二者有兩個主要鑑別要點:一是下利後口渴與不渴,太陰病多從寒濕化生,寒濕瀰漫故口不渴,而少陰證下利,腎陽虛不能蒸化津液上達,故多口渴。但這並非是絕對的,若太陰證腹瀉時間較長,也可出現口渴,但一般飲水不會很多;二是兼證中手足是否溫和,太陰病陽虛程度較輕,可見手足溫和,而少陰病陽虛較甚,故大多手足厥冷。太陰證與少陰證雖有區別,亦有聯繫。從太陰證發展至少陰陽虛下利,說明病邪入里更深,病情更加危重,應當遵守病機,積極救治。\n陽明證與太陰證 太陰與陽明同居中焦,同主胃腸,互為表里,二者關係密切,但性質截然不同。太陰為脾,主土主濕,太陰病多為里虛寒濕證;陽明為胃,屬陽主燥,陽明病多為里實熱燥證,從虛實、寒熱、燥濕等看,二者區分明顯。舉例而言,太陰證和陽明證均可出現腹滿,但性質完全不同。太陰腹滿屬虛寒,特點為“腹滿時減,復如故”,雖下利而腹滿仍不除;陽明證之腹滿為實熱,腸中有燥屎相結,特點為“腹滿不減,減不足言”,得大便通利則腹滿可除,由此可看出兩者之對立。但因太陰與陽明位置相近,有表里之聯,故在一定條件下可相互轉化。如陽明病因誤下太過,損傷脾陽,可使病轉入太陰,又如太陰證過用溫燥之品,由濕化燥,由陰轉陽,亦可演變為陽明證,故有“實則陽明,虛則太陰”之說。"
  },
  "literature": "《傷寒準繩·太陰病》:“病自陽經發者,為外感風寒,邪從表入,故太陽先受之也,病自陰經起者,為內傷生冷,飲食過多,故從太陰入也。夫太陰者脾也,以飲食生冷則傷脾,故腹滿而吐,食不下,自利不渴,手足自溫等證也。”\n《傷寒貫珠集·太陰篇》:“然太陰為病,不特傳經如是,即直中亦如是,且不特傷寒如是,即雜病亦如是,但有屬陰屬陽,為盛為虛之分耳。而太陰者臟也,滿而不實,法不可下,若下之,則胸下結硬,中氣傷者,邪氣必結也。”\n《註解傷寒論·辨太陰病脈證並治》:“自利而渴者,屬少陰,為寒在下焦;自利不渴者,屬太陰,為寒在中焦,與四逆等湯以溫其臟。”"
}