{
  "id": "wangyin",
  "number": 17,
  "name": "亡陰證",
  "category": "基礎證候",
  "overview": "亡陰證是人體陰液突然大量耗損而出現的陰液欲竭的證候。多因高熱大汗，劇烈吐瀉，出血過多，或其它因素，導致陰液大量耗損所致。\n亡陰證的主要臨床表現為：肌肉乾癟，皮膚皺摺，唇乾齒燥，眼眶深陷，精神煩躁，或昏迷谵妄，汗出身熱，口渴喜冷飲，呼吸氣短，面色潮紅，舌質乾紅，脈虛數或細數無力。\n亡陰證在各種疾病的嚴重階段，尤以暴吐暴瀉及溫病後期陰液嚴重灼傷者易見。\n本證在臨床上應與“陰虛證”，“亡血證”相鑑別。",
  "clinical_manifestations": "肌肉乾癟，皮膚皺摺，唇乾齒燥，眼眶深陷，精神煩躁，或昏迷谵妄，汗出身熱，口渴喜冷飲，呼吸氣短，面色潮紅，舌質乾紅，脈虛數或細數無力",
  "common_diseases": [],
  "differential_syndromes": [],
  "differential": {
    "self_analysis": "多種疾病的慢性虧損及過度汗、吐、下，或大失血等，均可造成陰液的嚴重消耗，甚至出現亡陰證。陰虛體質或溫熱病過程中尤為多見。亡陰證是十分嚴重的證候，危在旦夕，無論何種疾病至亡陰階段的臨床表現，辨證要點及治療方法均基本相同。一旦出現亡陰證就應立即進行搶救，治宜滋陰增液或養陰固氣，方選生脈散(《內外傷辨惑論》)加味。\n由於陰陽互根，陰竭則陽無所附而散越，故亡陰證往往會很快出現亡陽證。亡陽證的主要症狀有大汗淋漓，汗出如珠，畏寒肢冷，精神恍惚，面色蒼白，呼吸微弱等。當在救陰的同時，用參附湯(《婦人良方》)急回其陽。",
    "type_comparison": "陰虛證與亡陰證 陰虛往往是亡陰的基礎，二證均有陰虛生內熱的表現。陰虛證是由於稟賦不足，或思慮過度，耗傷陰液，或慢性出血，久病傷陰，或溫熱病耗傷陰液所致，主要表現有形体消瘦，口燥咽乾，眩暈失眠，潮熱盜汗，五心煩熱，午後顴紅，尿少色黃，大便乾燥，舌紅少苔，脈細數，病程較長，病勢較緩。亡陰證則是由於高熱，或汗、吐、下過度，或出血過多等原因所致的短期內陰液嚴重耗竭的狀態，一般發病急劇，故臨床表現除陰虛症狀加重外，尚有精神煩躁或昏迷谵妄，口渴喜冷飲，呼吸氣短，脈虛數或細數無力等病情危重的表現。\n亡血證與亡陰證 亡血證是由於大出血或經常慢性出血所致，表現為面白無華，頭暈目眩，肢麻無力，唇舌色淡，脈芤或微而澀等，為一派嚴重的血虛表現，並無亡陰證之精神煩躁，汗出身熱，口渴喜冷飲，舌紅而乾等虛熱現象；亡陰證多見於高熱大汗、暴吐、暴瀉之後，但血為陰液，亡血證亦可發展為亡陰證，二者關係密切，所以儘管兩者治療方法有所不同，而在鑑別之同時還應看到它們之間的聯繫。"
  },
  "literature": "《侶山堂類辨·陽脫陰脫辨》：“陰陽虛脫，有外因、內因之分，有偏勝、偏絕之別。如邪中於陰，手足厥冷，脈微欲絕，此陰盛而生陽之氣欲絕於內也；如欲冷飲，欲臥涼地，揭去衣被，躁而不安，此陰盛於內而陽欲脫於外也，急宜參、附、姜、桂以救之；如發汗不解，身反大熱，此陽盛而陰絕於內也；如陽明病，發熱汗多者，急下之，宜大承氣湯，此陽盛於內而陰液外脫也。此外因之陰陽偏勝而偏絕也。若夫內因之陰陽，陽生於陰，陰生於陽。陽生於陰者，陽氣生於陰精也；陰生於陽者，陰精之生於陽化也。陽化者，陽氣化水谷之精微，而生此精也。陰陽和合，交相生化，是為平人。如孤陽不生，獨陰不長，此陰陽之生機欲絕於內也。《難經》曰：脫陽者見鬼，脫陰者目盲。蓋陽脫者，從下而脫於上；陰脫者，從上而脫於下。故脫陰而目盲者，尚有餘命之苟延；脫陽而見鬼者，不計日而死矣。夫陽脫之患，多有本於陰虛。如年老之人，足膝寒冷，此元陽之氣漸衰，而欲絕於下，宜用參附半硫之類，以助生陽。如或因脾胃虛而谷精不生，或入房甚而腎精日損，或憂恐而藏精漸消，或煩勞而精神日耗，以致陰氣日衰，而陽將外脫矣。故治未病者，見陰精有虧，乃陽脫之漸，預培養其陰焉。若待陽氣外脫，用桂、附而欲其引火歸原，不知陰精者，陽氣之生原也，其原已絕，又安所歸乎？故陽脫而用桂、附救之者，外因之脫也；治內因而用桂、附者，助陽氣之衰於下也。若陰虛而陽脫者，非桂、附可救。故曰陰陽虛脫，有外因、內因之分，有偏勝、偏絕之別。”"
}