{
  "id": "wangyang",
  "number": 18,
  "name": "亡陽證",
  "category": "基礎證候",
  "overview": "亡陽證是指陽氣突然衰竭而出現的陽氣欲脫表現的證候。本證多因大汗不止，劇烈吐瀉，導致陽氣突然衰竭所致，亦可由亡陰證發展而來。\n主要臨床表現為：大汗淋漓，汗出如珠。畏寒蜷臥，四肢厥冷，精神恍惚，面色蒼白，呼吸微弱，舌質淡潤，脈微欲絕，或浮數而空。\n亡陽證在各種疾病的嚴重階段均可出現，尤常見於“中風”，“霍亂”、“血證”等疾病中。\n本證在臨床上應與“陽虛證”、“亡陰證”相鑑別。",
  "clinical_manifestations": "大汗淋漓，汗出如珠。畏寒蜷臥，四肢厥冷，精神恍惚，面色蒼白，呼吸微弱，舌質淡潤，脈微欲絕，或浮數而空",
  "common_diseases": [],
  "differential_syndromes": [],
  "differential": {
    "self_analysis": "任何疾病若大汗不止，或吐瀉過劇，均可導致陽氣突然衰竭。此外，由於陰陽互根，陰液過度耗竭，陽氣無所依附而散越，亡陰證不及時養陰固液，也必發展為亡陽證。在中風病中，亡陽證表現為突然昏倒，不省人事，大汗不止，目合口開，四肢厥冷，肢體癱瘓，二便失禁，舌痿，脈微欲絕。此由元氣衰微已極，陰陽有離決之勢，陽氣將脫所致。治當益氣回陽，扶正固脫，方選參附湯(《婦人良方》)。在霍亂病中，亡陽證表現為大汗淋漓，四肢冰冷，聲音嘶啞，拘攣轉筋，眼眶深凹，面色蒼白，脈沉細欲絕。此由吐瀉過劇，陰津枯竭，陽氣欲脫所致。治當用反佐從治之法，辛苦相濟，調和陰陽，方選通脈四逆加豬膽汁湯(《傷寒論》)。在血證病中，每因大出血而發生亡陽證，表現為吐、咯、衄、便諸般血湧不止，汗出如珠，四肢厥冷，精神恍惚，面色慘淡，唇白無華，舌淡白，脈微欲絕或芤大而空。此由氣隨血脫，陽氣將絕所致。治當益氣固脫，回陽救逆，方選獨參湯(《十藥神書》)或回陽返本湯(《傷寒六書》)加減。\n亡陽證易見於陽虛之體或寒盛傷陽之時。不論何種疾病，一旦出現亡陽證就應把搶救欲脫之陽放在首位，全力進行搶救。",
    "type_comparison": "陽虛證與亡陽證 陽虛證與亡陽證均有一派寒象，如畏寒蜷臥，面白肢冷，自汗出等，故應予以鑑別。陽虛證是由先天稟賦不足，久病體虛，或寒邪傷陽所致，主要表現為倦怠乏力，少氣懶言，自汗，畏寒肢冷，面色晄白，口淡不渴，小便清長，大便溏薄，舌質淡白，脈虛弱或沉弱，病程較長，病情較緩。亡陽證是由汗、吐、下過度，或由亡陰證發展而來，病程一般較短，病情較急，陽氣虧損程度遠較陽虛證為甚，有欲脫竭絕之勢，其主要表現除與陽虛共同的虛寒象外，特點為大汗淋漓，汗出如珠，呼吸微弱，脈微欲絕。\n亡陰證與亡陽證 亡陰證與亡陽證均是疾病的危重證候，都可以由汗、吐、下過劇發展而來，而且亡陰證往往可以很快發展為亡陽證，但兩證治法迥異，故必須予以鑑別。亡陰證的主要表現為汗出身熱，口渴喜冷飲，呼吸氣短難續，煩躁不安，面色潮紅，甚或神昏搐搦，舌紅而乾，脈虛數或細數。亡陽證的主要表現為，大汗淋漓，四肢厥冷，呼吸微弱，神情恍惚，面色蒼白，舌質淡潤，脈微欲絕。亡陰證的特點是有虛熱之象，亡陽證的特點是有虛寒之象。一寒一熱，表現不同，治療亦當分別選用滋陰固脫與溫陽固脫之法。"
  },
  "literature": "《諸病源候論·虛勞病諸候》：“大病後虛汗候：大病之後，復為風邪所乘，則陽氣發洩，故令虛汗。汗多亡陽，則津液竭，令人枯瘦也。”"
}