{
  "id": "xiedu_chisheng",
  "number": 27,
  "name": "邪毒熾盛證",
  "category": "基礎證候",
  "overview": "邪毒熾盛證是指由於感受六淫邪毒或疫病之毒,鬱積體內而出現毒邪充斥三焦、氣血的證候。邪毒乃由邪氣壅積極盛所生。致毒邪氣多為火熱、濕濁、疫病等邪,故邪毒有火(熱)毒、濕毒、風毒、疫毒、寒毒等類別。\n主要臨床表現為:壯熱煩躁,頭痛,神昏譫語、吐血、衄血,肌膚發斑,身黃如金,小便黃赤,大便下血,血色不鮮,或下痢膿血,帶下色如米泔或黃綠如膿,或五色雜下,味臭穢,癰疽疔瘡紅腫高突,或瘡形平塌,根腳漫腫,色紫黑,潰爛久不收口,甚則四肢抽搐,牙關緊閉,角弓反張等。\n邪毒熾盛證常見於“發斑”、“便血”、“痢疾”、“黃疸”、“痙病”、“疔瘡”、“癰疽”、“走黃、內陷”、“帶下病”等病證中。\n本證常與“熱毒熾盛證”、“濕熱毒盛證”、“陽明毒盛證”等相鑑別。\n【類證鑑別】\n本證辨析\n邪毒熾盛證乃由感受六淫邪毒,如火(熱)毒、濕毒、寒毒、風毒等,以及感受特殊疫病之毒而致病。邪毒瀰漫三焦、氣血,由於感邪的性質、輕重、以及邪毒損害人體部位的側重不同,故其發病的臨床表現也各有所異。如熱毒壅滯於脈絡,迫血妄行,血出於肌膜之間,而發生紫斑,症見皮膚出現青紫斑點或斑塊,或有鼻衄、齒衄、便血、尿血,伴發熱,口渴,便秘,舌紅苔黃,脈弦數,治宜清熱解毒,涼血止血,方用犀角地黃湯(《千金要方》)。若濕熱之毒蘊結腸道,腸道脈絡受損,而致便血,症見便血濁而色暗,大便不暢或稀溏,伴腹痛,口苦,苔黃膩,脈濡數,治宜清化濕毒,涼血止血,方用地榆散(驗方)或槐角丸(《丹溪心法》)。如暑濕、疫毒之邪瀰漫腸胃,氣滯血阻,瘀血與濕熱、疫毒相搏結,化為膿血而成疫毒痢,症見發病急驟,剩下鮮紫膿血,腹痛劇烈,里急後重加甚,壯熱口渴,頭痛煩躁,甚則神昏痙厥,舌質紅絳,苔黃燥,脈滑數,治宜清熱涼血解毒,方用白頭翁湯(《傷寒論》)加黃芩、銀花、赤芍、丹皮、地榆、貫眾,甚則合用神犀丹(《溫熱經緯》)或紫雪丹(《和劑局方》)。如濕熱挾毒,鬱而化火,熱毒熾盛,迫使膽汁外溢於肌膚,則發為急黃,症見發病急驟,黃疸迅速加深,其色如金,高熱煩渴,脅痛腹脹,神昏譫語,或衄血、便血、肌膚瘀斑,舌質紅絳,苔黃而燥,脈弦滑數或細數,治宜清熱解毒,涼營開竅,方用犀角散(《千金要方》)合用安宫牛黄丸(《溫病條辨》)。如產後、外傷創口感受風毒熱邪,壅滯肌膜經脈,並邪熱薰蒸,熱盛傷津,筋脈失於濡養而發痙證,症見發熱胸悶,牙關緊閉,項背強直,角弓反張,手足攣急,煩躁口渴,面色青紫,呼吸急促,甚至神昏譫語,苔黃糙,脈弦數,治宜祛風止痙,清熱解毒,方用木萸散(經驗方)。如臟腑蘊熱,火毒鬱結肌膚,以致氣血凝滯而成疔瘡,症見多發於頭面部,手足部,瘡形如粟,紅腫高突,根腳收,甚則瘡形平塌,腫勢散漫,皮色紫暗,灼熱疼痛,或發於四肢呈紅絲顯露,迅速向上走竄,伴發熱、頭痛、煩渴,溲黃,便秘,舌紅,苔黃膩,脈洪數,治宜清熱解毒涼血,方用黃連解毒湯(《外台秘要》)、五味消毒飲(《醫宗金鑑》),甚則合用犀角地黃湯(《千金要方》)。若火熱之毒凝聚肌表,氣血凝滯而成癰成疽,後者毒邪較深重,症見初起粟粒樣膿頭,灼熱紅腫脹痛,潰爛後狀如蓮蓬蜂窩,膿液稠黃,伴發熱,口渴,尿赤,舌紅苔黃,脈數有力,治宜清熱瀉火,和營托毒,方用黃連解毒湯(《外台秘要》)合用仙方活命飲(《校注婦人良方》)。若疔瘡火毒熾盛,走散入血,內攻臟腑,或瘡瘍因正不勝邪,毒不外泄,反陷入里,客於營血,內傳臟腑,則發為走黃、內陷,症見局部瘡頂陷黑無膿,腫勢軟漫不聚,迅速擴散,皮色暗紅或紫暗,瘡面膿少或乾枯,新肉難生,全身見高熱寒戰,頭痛煩躁,神昏譫語,舌紅絳,苔黃燥,脈洪數,治宜清熱解毒,涼血開竅,方用黃連解毒湯(《外台秘要》)、五味消毒飲(《醫宗金鑑》)、犀角地黃湯(《備急千金要方》)合用安宫牛黄丸(《溫病條辨》)。如婦女經行產後,攝生不潔,濕邪熱毒損傷任、帶、血、氣,故發為帶下病,症見帶下量多,色黃或五色雜下,質粘而臭,或小腹痛,伴煩熱口乾,頭暈,小便黃少,大便乾結,舌質紅,苔乾黃或黃膩,脈數或濡數,治宜清熱解毒利濕,方用止帶方(《世補齋·不謝方》),或五味消毒飲(《醫宗金鑑》)加白花蛇舌草、樗根白皮、白朮。\n感受風、濕、熱邪及疫病特殊之毒均可導致邪毒熾盛證,因其性質不同,故其病機轉歸有異。如風毒侵襲,多由氣血不足復感而成,其失於解散,外中於經脈,內浸淫血分。風毒入血則可引起以身癢為主症的皮膚病;風毒久遇經絡,勢必化熱,故見關節紅腫熱痛;若熱迫血行,溢於孫絡而發斑;風毒鬱久,化燥傷陰,肌膚失養,則見皮膚粗糙、作癢等症;風毒內留,可以進一步滯血耗血,引起頭髮脫落等症;另外,風毒可由外傷創口侵入肌膜經脈,使營衛不得宣通,筋脈失於濡養而發痙;甚則內傳臟腑,邪毒入里,擾動肝風,末期則邪毒深陷,正氣欲脫。濕性穢濁,若濕濁內盛,久留未除,可醞釀成毒。濕毒內壅,可因損害不同部位而引致不同病變,這種病機變化多在脾虛濕阻的病理基礎上發生。如濕毒壅結大腸,損傷血絡,可見便血、痢疾;若濕毒內壅,傷及胞絡和衝任氣血,以致帶脈失約,任脈不固,症見帶下色如米泔或黃綠如膿,或五色雜下,氣味臭穢;如濕毒蘊於肌膚,可發為濕毒證,表現為皮膚潮紅,繼起水疱、丘疹,瘙痒,破後黃水淋漓等症狀;如濕毒瀰漫三焦,清陽不升,濁陰不降,則見關格等危重證候。火熱熾盛之極,往往聚而成毒,或傷津耗液,或火毒攻心上擾心神,內閉神明,或熱盛動風。火毒內盛,充斥肆逆,隨其所傷不同病機而發病各異。若火毒上犯,則為走黃、發頤、喉腫痛等;若火毒下迫,可為毒痢。總之,各種不同性質的邪毒充斥機體,內可阻於臟腑經脈,外可壅於肌膚筋骨,鬱久則邪毒熾盛,瀰漫三焦,浸淫氣血,傷津耗氣,擾亂神明,最終導致邪毒深陷,正氣欲脫。\n類證鑑別\n熱毒熾盛證與邪毒熾盛證 二證病情均較急重,前者屬於後者,是後者的一種具體證候。熱毒熾盛證是由溫病熱毒熾盛,燔灼營血而發,症見高熱,頭痛如劈,身如被杖,躁擾不安,神昏譫語,吐衄便血,舌質焦紫起刺,斑疹密布,色紫黑而亮。熱毒熾盛證以溫熱之毒深入營血為病機特點,並以熱毒燔灼營血,易有心神錯亂和血熱妄行為臨床特點。邪毒熾盛證則是由於感受多種六淫邪毒或疫毒,在體內鬱積,充斥三焦氣血而致病,其臨床特點有火毒、濕毒、風毒、疫毒等不同表現。\n濕熱毒盛證與邪毒熾盛證 前者仍為後者的一種具體證候。濕熱毒盛證乃由濕熱為患,日久蘊毒而成,濕為粘膩之邪,濕熱交蒸,故其病程長,而多見於長夏,症見身熱口渴,咽腫溺赤,大便不爽,脘痞腹脹,肢痠倦怠,或身目發黃,甚則神識昏蒙,舌苔黃膩。本證主要以濕熱內蘊蒸騰為辨證特點,邪毒熾盛證辨證特點則因其所感邪毒而異。\n陽明毒盛證與邪毒熾盛證 陽明毒盛證以熱毒蒸騰陽明氣分症狀為主,可見大便燥結,熱結旁流,神昏譫語,狂亂不識人,午後潮熱,腹脹口乾,舌質紅,苔黃燥,焦黑起刺,脈沉實。本證主要以陽明氣分痞、滿、燥、實為臨床特點,熱毒也可波及營血,但仍以氣分症狀為主,而邪毒熾盛證則是由不同性質邪毒侵襲三焦氣血等不同部位所致,病變範圍更廣。",
  "clinical_manifestations": "壯熱煩躁,頭痛,神昏譫語、吐血、衄血,肌膚發斑,身黃如金,小便黃赤,大便下血,血色不鮮,或下痢膿血,帶下色如米泔或黃綠如膿,或五色雜下,味臭穢,癰疽疔瘡紅腫高突,或瘡形平塌,根腳漫腫,色紫黑,潰爛久不收口,甚則四肢抽搐,牙關緊閉,角弓反張等",
  "common_diseases": [],
  "differential_syndromes": [],
  "differential": {
    "self_analysis": "",
    "type_comparison": ""
  },
  "literature": "《諸病源候論·急黃候》:“脾胃有熱,谷氣鬱蒸,因為熱毒所加,故卒然發黃,心滿氣喘,命在傾刻,故云急黃也。”\n《景岳全書·痢疾》:“痢疾之病,多病於夏秋之交,古法相傳,皆謂炎暑大行,相火司令,酷熱之毒蘊積為痢。”\n《沈氏尊生書·黃疸》:“又有天行疫病,以致發黃者,俗稱之瘟毒,殺人最急。”"
}