{
  "id": "xuetuo",
  "number": 8,
  "name": "血脫證",
  "category": "基礎證候",
  "overview": "血脫又名脫血，是由於突然大量失血或長期出血，陰血過多虧損而致的虛脫證候。\n主要臨床表現為：面白，天然不澤，頭暈眼花，心悸怔忡，氣微而短，肢冷汗出，舌淡白，脈空虛或芤，或微細欲絕。\n血脫證常見於“衄血”、“嘔血”、“便血”、“崩漏”等出血性疾病中。\n本證通常應與“血虛證”相鑑別。",
  "clinical_manifestations": "面白，天然不澤，頭暈眼花，心悸怔忡，氣微而短，肢冷汗出，舌淡白，脈空虛或芤，或微細欲絕",
  "common_diseases": [],
  "differential_syndromes": [],
  "differential": {
    "self_analysis": "血脫證為臨床常見的危重證之一，主要見於吐血、衄血、咯血、便血、月經過多、外傷出血等出血性疾病。其臨床表現以突然大量失血，或慢性出血，久而不愈，面色蒼白，天然不澤，頭暈眼花，四肢清冷，甚則昏厥不省人事等為特點。血為氣母，氣為血帥，故大量失血必然導致氣無所附，釀成氣隨血脫之患。新血不能速生，元氣所當急固，宜急予當歸補血湯(《內外傷辨惑論》)補氣養血。補氣重於養血，取陽生陰長之意。若表現為大汗淋漓，手足厥逆，脈細欲絕等亡陽之候，則用參附湯(《婦人良方》)或四逆湯(《傷寒論》)回陽救逆。俟血止陽回再審因論治。如血熱者，當用犀角地黄汤(《千金要方》)清熱涼血；如憂思惱怒，肝火熾盛而肝不藏血者，宜用丹梔逍遙散(《婦人良方》)疏肝清熱涼血；如為思慮傷脾，心脾兩虛，脾不統血者，宜用歸脾湯(《濟生方》)益氣養血。虛勞病中見血脫證，多在後期，其臨床表現以虛極羸瘦，面色蒼白，天然不澤，頭暈眼花，神疲惡寒，心悸怔忡，失眠多夢，舌淡，脈弦細或細澀等為特點。此由先天稟賦不足，或飲食不節，勞倦過度，損傷脾胃，脾失健運，化生不足，氣血生化乏源；或情志不遂，肝氣郁結，肝失疏洩，而不藏血，脾氣虛，脾不統血，以致亡血失血，久而不愈；或色欲過度，耗損腎精，精少血虧，積虛成損所致。治宜養血、補血、益氣，方用人參養榮湯(《和劑局方》)。婦人血脫證，以崩漏，產後血暈等為特點，證候常因人而異，治當“因人制宜”。\n“血者，神氣也”。人以氣血為本，“以奉身生，莫貴於此。”血脫證由於亡血過多，氣隨血脫，常現亡陽危候，出現突然暈厥，面色蒼白，四肢厥逆，大汗淋漓，脈微欲絕等症狀，宜急救垂絕之陽，所謂救得一分陽氣，便有一線生機。",
    "type_comparison": "血虛證與血脫證 兩證均屬血虛範疇，但血虛證多因脾失健運，化源不足，或久病營血內耗，或各種慢性出血，以致全身陰血匱乏，臟腑失於濡養，故見面色淡白，或萎黄不澤，頭暈眼花，口唇爪甲色淡，舌淡脈細等。面血脫證則可由血虛發展而來，或因突然大量失血，或長期出血所致，故常可見暈厥，額汗如珠，氣息低微，四肢厥冷，脈微欲絕等，與血虛證顯然有別。兩證雖同屬“血虛”之候，但有輕重緩急之別。血虛證多系久病，縱然出血亦是慢性的少量出血，其病輕而緩。而血脫證多為突然的大量出血。其病重而急。"
  },
  "literature": "《靈樞·決氣篇》：“血脫者，色白，天然不澤，其脈空虛，此其候也。”\n《證治匯補·吐血》：“如六脈弦細而澀，面色枯白不澤者，此脫血大虛而挾寒，宜甘溫補血。”"
}