{
  "id": "yangming",
  "number": 29,
  "name": "陽明證",
  "category": "基礎證候",
  "overview": "陽明證是指傷寒邪氣入里侵犯陽明,里熱熾盛,甚成燥實的證候。本證可由他經傳來,亦可本經自發,多因太陽表病誤治失治,病邪入里,或外邪直犯陽明,遇胃陽亢盛之人,或少陽病經發汗利小便等法誤治後轉歸陽明。\n主要臨床表現為:身熱,汗自出,不惡寒反惡熱,脈大。\n陽明證多出現在外感熱病過程中邪正劇爭,陽亢熱盛的極期階段,根據病變部位和證候特點可分為經證和腑證。\n本證應與“胃熱證”、“氣分證”相鑑別。",
  "clinical_manifestations": "身熱,汗自出,不惡寒反惡熱,脈大",
  "common_diseases": [],
  "differential_syndromes": [],
  "differential": {
    "self_analysis": "《傷寒論》“陽明之為病,胃家實是也”,指出陽明證病在胃腸,系胃腸燥實之證。因陽明主燥,邪入陽明,則化熱化燥,正盛邪實,因此為三陽病的極盛階段,“胃家實”即為陽明證之提綱。陽明證之主證為身熱,汗出,不惡寒反惡熱,脈大,蓋因陽明燥盛,病則燥熱為害,熱本無形,自胃府而熏蒸肌肉,而致內外皆熱,故身熱,其特點為熱勢較高,伴見汗出,熱不為汗衰。陽明為多氣多血之腑,遇燥熱熏蒸,發於肌表而為汗。陽明病的發熱汗出區別於其他五經的要點即在於不惡寒反惡熱,這一點至關重要。綜觀脈證,陽明熱盛尚可見潮熱、譫語等。陽明證根據病邪侵犯部位及特點可分為經證和腑證,或稱熱證和實證。其中里熱熾盛,腸中無燥屎阻結的稱為經證,邪熱入里與腸中糟粕而成燥屎為害機體者,稱為腑證。陽明經證的主要臨床表現有身大熱,汗自出,煩渴引飲,面紅氣粗,口渴心煩,不惡寒反惡熱,舌苔黃燥,脈洪大或滑數等。系因無形之燥熱邪氣瀰漫全身,充斥陽明之經而致。治宜辛寒清熱,方用白虎湯(《傷寒論》)。若熱擾胸膈而見心煩懊憹,飢不能食者,治宜清熱除煩,方用梔子豉湯(《傷寒論》)。若陽明病下後,餘熱未清而陰津受損,致水熱互結於下焦,出現小便不利,渴欲飲水者,治宜清熱利水,育陰潤燥,方用豬苓湯(《傷寒論》)。陽明腑證的主要臨床表現有潮熱汗出,腹脹滿硬痛,拒按,不大便,苔黃燥,脈沉實,甚則神昏譫語等。如邪熱仍瀰,且已傳里,與腸中糟粕搏結成燥屎,致腑氣不通之候,治宜瀉下通腑,方用承氣湯類即大承氣湯、小承氣湯、調胃承氣湯(《傷寒論》):三方側重各有不同:調胃承氣湯治腑實證以燥實為主者,症見腹滿不大便,不吐不下,心煩,舌燥苔黃;大承氣湯治腑實證以陽明熱盛,痞滿燥實俱備為主者,症見潮熱譫語,不大便或熱結旁流,腹滿硬痛或繞臍痛,或腹滿不減,濈然汗出,舌苔黃燥焦黑,脈沉實或遲而有力等;小承氣湯治腑實證以燥屎阻塞,痞滿為主而燥熱次之者,症見大便硬,腹脹滿,多汗,微煩,小便數,甚則譫語。若有胃熱較盛,約束於脾,不能為胃行其津液致大便乾者為“脾約”,當用麻仁丸潤下通便;或可見津虧腸燥便秘者,治宜潤導法,方用蜜煎、豬膽汁導法。需要注意的是,陽明腑證病勢較重,如不及時施治,邪熱擾及心神還可出現神昏譫語,循衣摸床,微喘,直視等症。陽明病經證與腑證的主要區別即在於有無燥屎內結之徵。",
    "type_comparison": "胃熱證與陽明證 胃為水谷之海,喜潤惡燥,若起居失節,胃陰虧耗而陽熱熾盛,可見胃脘嘈雜,善飢消谷,口氣臭穢,甚則身熱,發為胃熱證。而陽明證亦為胃腸里實熱證,與胃熱證頗多相近,但亦有不同。一、辨熱與汗,胃熱證雖身熱但不多見,即使有體溫亦不會很高,汗出不多,而陽明證必大熱汗出;二、前者病因多為內傷,後者多外感所致。故兩者雖病位均在胃,病性均屬實熱,實則異也。\n氣分證與陽明證 兩者症狀很相近,皆表現有壯熱,不惡寒反惡熱,汗出,渴喜飲冷,尿赤,舌質紅,苔黃脈數有力等,且兩證邪氣所犯均包括陽明。但氣分證和陽明證的範圍略有差異。氣分證溫邪不僅侵及陽明經,亦可犯少陽、太陰,且多挾濕邪而纏綿;傷寒陽明證則病犯陽明,有經證、腑證之別。氣分證和陽明證病因也不相同。陽明證多由外寒入里,邪自太陽經而來;氣分證多系溫熱邪氣侵襲或直中所致。二者傳變規律不同,陽明證循六經傳變,而氣分證循衛氣營血傳變,臨床症狀上,陽明證若邪熱深陷,尚可出現神昏譫語等邪蒙神竅、熱陷心營的現象,甚至有的神志變化較嚴重,而溫病氣分證即使出現神志改變亦很輕微,兩者應有差別。"
  },
  "literature": "《傷寒論本旨·陽明篇》:“胃家者,統陽明經腑而言也。實者,受邪之謂。經曰:“邪氣盛為實,精氣奪為虛”也。《素問》云:傷寒“二日,陽明受之,陽明主肉,其脈按鼻絡於目,故身熱目疼而鼻干,不得臥也”。是言邪由太陽傳陽明經之證,而仲景止標胃家實者何也?蓋萬物土中生,不得盡歸土,而胃為臟腑之海,人身之土也。故其在經之邪,有從自受者;有從他經傳來者。在臟腑之邪,有從陽經傳入者;有從陰經傳入者;有從臟而傳入者,既入胃腑,如物歸土,無復傳變矣。故以胃家實三字統括諸義,以下各條再為分析詳明也。”\n《傷寒貫珠集·陽明上篇》:“胃者,匯也。水谷之海,為陽明之脈也。胃家實者,邪熱入胃,與糟粕相結而成實,非胃氣自盛也。凡傷寒腹滿便閉,潮熱,轉矢氣,手足濈然汗出等證。皆是陽明胃實之證也。”\n《傷寒論新義·陽明篇》:“……胃家實之‘實’字,約有二義,食物積滯而實者,實也。表熱傳里而實者,亦實也。食滯而實者,是為承氣湯證;熱入而實者,是為白虎湯證。故承氣、白虎,均為陽明病正治之方也。”\n《醫宗金鑑·訂正仲景全書》:“陽明病可下之證,不止胃家實也。其綱有三,故又設問答以明之也。太陽之邪,乘胃燥熱,傳入陽明,謂之太陽陽明,不更衣無所苦,名脾約者是也。太陽之邪乘胃宿食與燥熱結,謂之正陽陽明,不大便內實滿痛,名胃家實者是也。太陽之邪已到少陽,法當和解,而反發汗利小便,傷其津液,少陽之邪復乘胃燥,轉屬陽明,謂之少陽陽明,大便澀而難出,名大便難者是也。”\n《傷寒來蘇集·傷寒論注·陽明脈證》:“陽明主里,而亦有外證者,有諸中而形諸外,非另有外證也。胃實之外見者,其身則蒸蒸然,里熱熾而達於外,與太陽表邪發熱者不同。其汗則濈然,從內溢而無止息。與太陽風邪為汗者不同。表寒已散,故不惡寒。里熱閉結,故反惡熱。只因有胃家實之病根,即見身熱自汗之外證,不惡寒反惡熱之病情。然此但言病機發現,非即可下之證也,宜輕劑以和之。必譫語,潮熱,煩躁,脹滿諸證兼見,才為可下。”"
}