{
  "id": "qi_tuo",
  "name": "氣脫",
  "category": "病性",
  "subcategory": "氣機病變",
  "treatment": "固脫",
  "is_critical": true,
  "alias": ["脫證", "氣隨血脫", "元氣外脫"],
  "description": "氣脫是指氣虛至極，元氣外脫的危重病理狀態。表現為面色蒼白、大汗淋漓、四肢厥冷、脈微欲絕等症。本證多為外感或內傷久病不愈、正不勝邪，或外傷、崩中、產後大出血等病因所致，常為病情突然變化而出現的危重證候。",
  "related_symptoms": []
}
