{
  "jue_yin": {
    "name": "厥陰證",
    "differentials": [
      "諸“厥證”",
      "“下利”",
      "“嘔噦”及“少陰戴陽證”"
    ]
  },
  "qi_zhi_tan_ning": {
    "name": "氣滯痰凝證",
    "differentials": [
      "“肝脾不調證”",
      "“肝胃不和證”"
    ]
  },
  "feng": {
    "name": "風證",
    "differentials": [
      "“血虛證”",
      "“肝陽上亢證”等"
    ]
  },
  "qi_xu_xue_yu": {
    "name": "氣虛血瘀證",
    "differentials": [
      "“血瘀證”",
      "“氣滯血瘀證”",
      "“氣血兩虛證”"
    ]
  },
  "xue_xu_wai_gan": {
    "name": "血虛外感證",
    "differentials": [
      "“氣虛外感證”",
      "“陰虛外感證”",
      "“陽虛外感證”"
    ]
  },
  "xue_yu": {
    "name": "血瘀證",
    "differentials": [
      "“血熱血瘀證”",
      "“血寒血瘀證”",
      "“氣滯血瘀證”",
      "“氣虛血瘀證”"
    ]
  },
  "xue_tuo": {
    "name": "血脫證",
    "differentials": [
      "“血虛證”"
    ]
  },
  "wang_yang": {
    "name": "亡陽證",
    "differentials": [
      "“陽虛證”",
      "“亡陰證”"
    ]
  },
  "shi": {
    "name": "濕證",
    "differentials": [
      "“痰證”",
      "“水飲內停證”等"
    ]
  },
  "qi_bi": {
    "name": "氣閉證",
    "differentials": [
      "“氣逆證”",
      "“熱入心包證”",
      "“熱結胃腸證”",
      "“痰火上蒙證”"
    ]
  },
  "xue_xu_jin_kui": {
    "name": "血虛津虧證",
    "differentials": [
      "“陰虛證”",
      "“津液虧虛證”"
    ]
  },
  "xue_yu_hua_re": {
    "name": "血瘀化熱證",
    "differentials": [
      "“血瘀證”",
      "“氣滯血瘀證”",
      "“血熱瘀滯證”",
      "“血熱證”"
    ]
  },
  "zao": {
    "name": "燥證",
    "differentials": [
      "“火熱證”",
      "“暑證”",
      "“陰虛證”",
      "“血虛證”等"
    ]
  },
  "xue_re": {
    "name": "血熱證",
    "differentials": [
      "“血燥證”",
      "“血熱血瘀證”"
    ]
  },
  "qi_xian": {
    "name": "氣陷證",
    "differentials": [
      "“氣脫證”",
      "“清陽不升證”",
      "“氣虛證”",
      "“腎氣不固證”等"
    ]
  },
  "tai_yang": {
    "name": "太陽證",
    "differentials": [
      "“少陽證”",
      "“陽明證”",
      "“溫病衛分證”"
    ]
  },
  "qi_ni": {
    "name": "氣逆證",
    "differentials": [
      "“水逆證”",
      "“病後虛贏氣逆證”",
      "“氣滯證”",
      "“氣閉證”等"
    ]
  },
  "shi_shen": {
    "name": "失神證",
    "differentials": [
      "“精脫證”",
      "“氣脫證”等"
    ]
  },
  "jing_tuo": {
    "name": "精脫證",
    "differentials": [
      "“腎陰虛證”",
      "“腎氣不固證”等"
    ]
  },
  "shu": {
    "name": "暑證",
    "differentials": [
      "“火熱證”",
      "“濕證”",
      "“燥證”等"
    ]
  },
  "xue_yu_shui_ting": {
    "name": "血瘀水停證",
    "differentials": [
      "“水飲內停”",
      "“水濕泛滥”",
      "“陽虛水泛”"
    ]
  },
  "yin_xu": {
    "name": "陰虛證",
    "differentials": [
      "“血虛證”",
      "“津液虧損證”",
      "“濕鬱熱伏證”"
    ]
  },
  "yang_ming": {
    "name": "陽明證",
    "differentials": [
      "“胃熱證”",
      "“氣分證”"
    ]
  },
  "xue_yu_dong_xue": {
    "name": "血瘀動血證",
    "differentials": [
      "“脾不統血證”",
      "“血熱動血證”"
    ]
  },
  "xue_zao": {
    "name": "血燥證",
    "differentials": [
      "“陰虛證”",
      "“血虛證”",
      "“血熱證”"
    ]
  },
  "xue_re_dong_feng": {
    "name": "血熱動風證",
    "differentials": [
      "“熱極生風證”",
      "“肝陽化風證”",
      "“血虛生風證”",
      "“陰虛風動證”"
    ]
  },
  "qi_zhi_xue_yu": {
    "name": "氣滯血瘀證",
    "differentials": [
      "“氣滯證”",
      "“血瘀證”",
      "“氣虛血瘀證”",
      "“痰瘀互阻證”"
    ]
  },
  "tan": {
    "name": "痰證",
    "differentials": [
      "“血瘀證”",
      "“濕證”",
      "“水飲內停證”"
    ]
  },
  "xue_xu_han_ning": {
    "name": "血虛寒凝證",
    "differentials": [
      "“血寒證”",
      "“血瘀證”"
    ]
  },
  "qi_zhi": {
    "name": "氣滯證",
    "differentials": [
      "“氣逆證”",
      "“氣滯血瘀證”",
      "“氣滯下痢證”",
      "“痰氣互結證”"
    ]
  },
  "qi_yu_hua_huo": {
    "name": "氣鬱化火證",
    "differentials": [
      "“火熱證”",
      "“肝鬱化火證”",
      "“血瘀化熱證”"
    ]
  },
  "yang_xu": {
    "name": "陽虛證",
    "differentials": [
      "“氣虛證”",
      "“里寒實證”",
      "“真熱假寒證”"
    ]
  },
  "xue_xu": {
    "name": "血虛證",
    "differentials": [
      "“陰虛證”",
      "“血脫證”"
    ]
  },
  "shao_yang": {
    "name": "少陽證",
    "differentials": [
      "“太陽證”",
      "“陽明證”",
      "“溫病正瘧”",
      "“熱入血室”"
    ]
  },
  "qi_tuo": {
    "name": "氣脫證",
    "differentials": [
      "“亡陰證”",
      "“亡陽證”",
      "“氣厥證”"
    ]
  },
  "qi_fen": {
    "name": "氣分證",
    "differentials": [
      "“衛分證”",
      "“邪熱入營證”",
      "“陰虛里熱證”"
    ]
  },
  "qi_zhi_shi_zu": {
    "name": "氣滯濕阻證",
    "differentials": [
      "“氣滯痰凝證”",
      "“脾虛濕困證”",
      "“氣滯水停證”"
    ]
  },
  "wang_yin": {
    "name": "亡陰證",
    "differentials": [
      "“陰虛證”，“亡血證”"
    ]
  },
  "xue_yu_qi_zhi": {
    "name": "血瘀氣滯證",
    "differentials": [
      "“氣滯血瘀證”",
      "“血寒證”",
      "“氣滯證”"
    ]
  },
  "wei_fen": {
    "name": "衛分證",
    "differentials": [
      "“風寒犯肺證”",
      "“溫燥犯肺證”",
      "“濕遏衛陽證”",
      "“暑熱犯肺證”"
    ]
  },
  "yu_xue_bi_zu": {
    "name": "瘀血痺阻證",
    "differentials": [
      "“瘀熱痺阻證”",
      "“痰瘀痺阻證”"
    ]
  },
  "ying_fen": {
    "name": "營分證",
    "differentials": [
      "“氣營兩燔證”",
      "“逆傳心包證”",
      "“真陰耗損證”等"
    ]
  },
  "xue_xu_sheng_feng": {
    "name": "血虛生風證",
    "differentials": [
      "“肝風內動證”",
      "“熱盛動風證”",
      "“陰虛動風證”"
    ]
  },
  "xue_han": {
    "name": "血寒證",
    "differentials": [
      "“血瘀證”"
    ]
  },
  "xue_xu_feng_zao": {
    "name": "血虛風燥證",
    "differentials": [
      "“血虛生風證”",
      "“血燥證”",
      "“外燥證”",
      "“血虛證”等"
    ]
  },
  "qi_zhi_shui_ting": {
    "name": "氣滯水停證",
    "differentials": [
      "“氣滯痰凝證”",
      "“氣滯濕阻證”",
      "“水濕泛濫證”"
    ]
  },
  "shao_yin": {
    "name": "少陰證",
    "differentials": [
      "“太陰證”",
      "“厥陰證”"
    ]
  },
  "qi_xu_fa_re": {
    "name": "氣虛發熱證",
    "differentials": [
      "“外感發熱證”",
      "“陰虛內熱證”",
      "“氣鬱發熱證”等"
    ]
  },
  "huo_re": {
    "name": "火熱證",
    "differentials": [
      "“暑證”",
      "“燥證”等"
    ]
  },
  "han": {
    "name": "寒證",
    "differentials": [
      "“血瘀證”",
      "“陽虛證”等"
    ]
  },
  "qi_xu_wai_gan": {
    "name": "氣虛外感證",
    "differentials": [
      "“陽虛外感證”",
      "“陰虛外感證”",
      "“血虛外感證”等"
    ]
  }
}